passenger1@gmail.com,123456
passenger2@gmail.com,123456
passenger3@gmail.com,123456
passenger4@gmail.com,123456
passenger5@gmail.com,123456
passenger6@gmail.com,123456
passenger7@gmail.com,123456
passenger8@gmail.com,123456
passenger9@gmail.com,123456
passenger10@gmail.com,123456
passenger11@gmail.com,123456
passenger12@gmail.com,123456
passenger13@gmail.com,123456
passenger14@gmail.com,123456
passenger15@gmail.com,123456
passenger16@gmail.com,123456
passenger17@gmail.com,123456
passenger18@gmail.com,123456
passenger19@gmail.com,123456
passenger20@gmail.com,123456
passenger21@gmail.com,123456
passenger22@gmail.com,123456
passenger23@gmail.com,123456
passenger24@gmail.com,123456
passenger25@gmail.com,123456
passenger26@gmail.com,123456
passenger27@gmail.com,123456
passenger28@gmail.com,123456
passenger29@gmail.com,123456
passenger30@gmail.com,123456
passenger31@gmail.com,123456
passenger32@gmail.com,123456
passenger33@gmail.com,123456
passenger34@gmail.com,123456
passenger35@gmail.com,123456
passenger36@gmail.com,123456
passenger37@gmail.com,123456
passenger38@gmail.com,123456
passenger39@gmail.com,123456
passenger40@gmail.com,123456
passenger41@gmail.com,123456
passenger42@gmail.com,123456
passenger43@gmail.com,123456
passenger44@gmail.com,123456
passenger45@gmail.com,123456
passenger46@gmail.com,123456
passenger47@gmail.com,123456
passenger48@gmail.com,123456
passenger49@gmail.com,123456
passenger50@gmail.com,123456
passenger51@gmail.com,123456
passenger52@gmail.com,123456
passenger53@gmail.com,123456
passenger54@gmail.com,123456
passenger55@gmail.com,123456
passenger56@gmail.com,123456
passenger57@gmail.com,123456
passenger58@gmail.com,123456
passenger59@gmail.com,123456
passenger60@gmail.com,123456
passenger61@gmail.com,123456
passenger62@gmail.com,123456
passenger63@gmail.com,123456
passenger64@gmail.com,123456
passenger65@gmail.com,123456
passenger66@gmail.com,123456
passenger67@gmail.com,123456
passenger68@gmail.com,123456
passenger69@gmail.com,123456
passenger70@gmail.com,123456
passenger71@gmail.com,123456
passenger72@gmail.com,123456
passenger73@gmail.com,123456
passenger74@gmail.com,123456
passenger75@gmail.com,123456
passenger76@gmail.com,123456
passenger77@gmail.com,123456
passenger78@gmail.com,123456
passenger79@gmail.com,123456
passenger80@gmail.com,123456
passenger81@gmail.com,123456
passenger82@gmail.com,123456
passenger83@gmail.com,123456
passenger84@gmail.com,123456
passenger85@gmail.com,123456
passenger86@gmail.com,123456
passenger87@gmail.com,123456
passenger88@gmail.com,123456
passenger89@gmail.com,123456
passenger90@gmail.com,123456
passenger91@gmail.com,123456
passenger92@gmail.com,123456
passenger93@gmail.com,123456
passenger94@gmail.com,123456
passenger95@gmail.com,123456
passenger96@gmail.com,123456
passenger97@gmail.com,123456
passenger98@gmail.com,123456
passenger99@gmail.com,123456
passenger100@gmail.com,123456
passenger101@gmail.com,123456
passenger102@gmail.com,123456
passenger103@gmail.com,123456
passenger104@gmail.com,123456
passenger105@gmail.com,123456
passenger106@gmail.com,123456
passenger107@gmail.com,123456
passenger108@gmail.com,123456
passenger109@gmail.com,123456
passenger110@gmail.com,123456
passenger111@gmail.com,123456
passenger112@gmail.com,123456
passenger113@gmail.com,123456
passenger114@gmail.com,123456
passenger115@gmail.com,123456
passenger116@gmail.com,123456
passenger117@gmail.com,123456
passenger118@gmail.com,123456
passenger119@gmail.com,123456
passenger120@gmail.com,123456
passenger121@gmail.com,123456
passenger122@gmail.com,123456
passenger123@gmail.com,123456
passenger124@gmail.com,123456
passenger125@gmail.com,123456
passenger126@gmail.com,123456
passenger127@gmail.com,123456
passenger128@gmail.com,123456
passenger129@gmail.com,123456
passenger130@gmail.com,123456
passenger131@gmail.com,123456
passenger132@gmail.com,123456
passenger133@gmail.com,123456
passenger134@gmail.com,123456
passenger135@gmail.com,123456
passenger136@gmail.com,123456
passenger137@gmail.com,123456
passenger138@gmail.com,123456
passenger139@gmail.com,123456
passenger140@gmail.com,123456
passenger141@gmail.com,123456
passenger142@gmail.com,123456
passenger143@gmail.com,123456
passenger144@gmail.com,123456
passenger145@gmail.com,123456
passenger146@gmail.com,123456
passenger147@gmail.com,123456
passenger148@gmail.com,123456
passenger149@gmail.com,123456
passenger150@gmail.com,123456
passenger151@gmail.com,123456
passenger152@gmail.com,123456
passenger153@gmail.com,123456
passenger154@gmail.com,123456
passenger155@gmail.com,123456
passenger156@gmail.com,123456
passenger157@gmail.com,123456
passenger158@gmail.com,123456
passenger159@gmail.com,123456
passenger160@gmail.com,123456
passenger161@gmail.com,123456
passenger162@gmail.com,123456
passenger163@gmail.com,123456
passenger164@gmail.com,123456
passenger165@gmail.com,123456
passenger166@gmail.com,123456
passenger167@gmail.com,123456
passenger168@gmail.com,123456
passenger169@gmail.com,123456
passenger170@gmail.com,123456
passenger171@gmail.com,123456
passenger172@gmail.com,123456
passenger173@gmail.com,123456
passenger174@gmail.com,123456
passenger175@gmail.com,123456
passenger176@gmail.com,123456
passenger177@gmail.com,123456
passenger178@gmail.com,123456
passenger179@gmail.com,123456
passenger180@gmail.com,123456
passenger181@gmail.com,123456
passenger182@gmail.com,123456
passenger183@gmail.com,123456
passenger184@gmail.com,123456
passenger185@gmail.com,123456
passenger186@gmail.com,123456
passenger187@gmail.com,123456
passenger188@gmail.com,123456
passenger189@gmail.com,123456
passenger190@gmail.com,123456
passenger191@gmail.com,123456
passenger192@gmail.com,123456
passenger193@gmail.com,123456
passenger194@gmail.com,123456
passenger195@gmail.com,123456
passenger196@gmail.com,123456
passenger197@gmail.com,123456
passenger198@gmail.com,123456
passenger199@gmail.com,123456
passenger200@gmail.com,123456
passenger201@gmail.com,123456
passenger202@gmail.com,123456
passenger203@gmail.com,123456
passenger204@gmail.com,123456
passenger205@gmail.com,123456
passenger206@gmail.com,123456
passenger207@gmail.com,123456
passenger208@gmail.com,123456
passenger209@gmail.com,123456
passenger210@gmail.com,123456
passenger211@gmail.com,123456
passenger212@gmail.com,123456
passenger213@gmail.com,123456
passenger214@gmail.com,123456
passenger215@gmail.com,123456
passenger216@gmail.com,123456
passenger217@gmail.com,123456
passenger218@gmail.com,123456
passenger219@gmail.com,123456
passenger220@gmail.com,123456
passenger221@gmail.com,123456
passenger222@gmail.com,123456
passenger223@gmail.com,123456
passenger224@gmail.com,123456
passenger225@gmail.com,123456
passenger226@gmail.com,123456
passenger227@gmail.com,123456
passenger228@gmail.com,123456
passenger229@gmail.com,123456
passenger230@gmail.com,123456
passenger231@gmail.com,123456
passenger232@gmail.com,123456
passenger233@gmail.com,123456
passenger234@gmail.com,123456
passenger235@gmail.com,123456
passenger236@gmail.com,123456
passenger237@gmail.com,123456
passenger238@gmail.com,123456
passenger239@gmail.com,123456
passenger240@gmail.com,123456
passenger241@gmail.com,123456
passenger242@gmail.com,123456
passenger243@gmail.com,123456
passenger244@gmail.com,123456
passenger245@gmail.com,123456
passenger246@gmail.com,123456
passenger247@gmail.com,123456
passenger248@gmail.com,123456
passenger249@gmail.com,123456
passenger250@gmail.com,123456
passenger251@gmail.com,123456
passenger252@gmail.com,123456
passenger253@gmail.com,123456
passenger254@gmail.com,123456
passenger255@gmail.com,123456
passenger256@gmail.com,123456
passenger257@gmail.com,123456
passenger258@gmail.com,123456
passenger259@gmail.com,123456
passenger260@gmail.com,123456
passenger261@gmail.com,123456
passenger262@gmail.com,123456
passenger263@gmail.com,123456
passenger264@gmail.com,123456
passenger265@gmail.com,123456
passenger266@gmail.com,123456
passenger267@gmail.com,123456
passenger268@gmail.com,123456
passenger269@gmail.com,123456
passenger270@gmail.com,123456
passenger271@gmail.com,123456
passenger272@gmail.com,123456
passenger273@gmail.com,123456
passenger274@gmail.com,123456
passenger275@gmail.com,123456
passenger276@gmail.com,123456
passenger277@gmail.com,123456
passenger278@gmail.com,123456
passenger279@gmail.com,123456
passenger280@gmail.com,123456
passenger281@gmail.com,123456
passenger282@gmail.com,123456
passenger283@gmail.com,123456
passenger284@gmail.com,123456
passenger285@gmail.com,123456
passenger286@gmail.com,123456
passenger287@gmail.com,123456
passenger288@gmail.com,123456
passenger289@gmail.com,123456
passenger290@gmail.com,123456
passenger291@gmail.com,123456
passenger292@gmail.com,123456
passenger293@gmail.com,123456
passenger294@gmail.com,123456
passenger295@gmail.com,123456
passenger296@gmail.com,123456
passenger297@gmail.com,123456
passenger298@gmail.com,123456
passenger299@gmail.com,123456
passenger300@gmail.com,123456
passenger301@gmail.com,123456
passenger302@gmail.com,123456
passenger303@gmail.com,123456
passenger304@gmail.com,123456
passenger305@gmail.com,123456
passenger306@gmail.com,123456
passenger307@gmail.com,123456
passenger308@gmail.com,123456
passenger309@gmail.com,123456
passenger310@gmail.com,123456
passenger311@gmail.com,123456
passenger312@gmail.com,123456
passenger313@gmail.com,123456
passenger314@gmail.com,123456
passenger315@gmail.com,123456
passenger316@gmail.com,123456
passenger317@gmail.com,123456
passenger318@gmail.com,123456
passenger319@gmail.com,123456
passenger320@gmail.com,123456
passenger321@gmail.com,123456
passenger322@gmail.com,123456
passenger323@gmail.com,123456
passenger324@gmail.com,123456
passenger325@gmail.com,123456
passenger326@gmail.com,123456
passenger327@gmail.com,123456
passenger328@gmail.com,123456
passenger329@gmail.com,123456
passenger330@gmail.com,123456
passenger331@gmail.com,123456
passenger332@gmail.com,123456
passenger333@gmail.com,123456
passenger334@gmail.com,123456
passenger335@gmail.com,123456
passenger336@gmail.com,123456
passenger337@gmail.com,123456
passenger338@gmail.com,123456
passenger339@gmail.com,123456
passenger340@gmail.com,123456
passenger341@gmail.com,123456
passenger342@gmail.com,123456
passenger343@gmail.com,123456
passenger344@gmail.com,123456
passenger345@gmail.com,123456
passenger346@gmail.com,123456
passenger347@gmail.com,123456
passenger348@gmail.com,123456
passenger349@gmail.com,123456
passenger350@gmail.com,123456
passenger351@gmail.com,123456
passenger352@gmail.com,123456
passenger353@gmail.com,123456
passenger354@gmail.com,123456
passenger355@gmail.com,123456
passenger356@gmail.com,123456
passenger357@gmail.com,123456
passenger358@gmail.com,123456
passenger359@gmail.com,123456
passenger360@gmail.com,123456
passenger361@gmail.com,123456
passenger362@gmail.com,123456
passenger363@gmail.com,123456
passenger364@gmail.com,123456
passenger365@gmail.com,123456
passenger366@gmail.com,123456
passenger367@gmail.com,123456
passenger368@gmail.com,123456
passenger369@gmail.com,123456
passenger370@gmail.com,123456
passenger371@gmail.com,123456
passenger372@gmail.com,123456
passenger373@gmail.com,123456
passenger374@gmail.com,123456
passenger375@gmail.com,123456
passenger376@gmail.com,123456
passenger377@gmail.com,123456
passenger378@gmail.com,123456
passenger379@gmail.com,123456
passenger380@gmail.com,123456
passenger381@gmail.com,123456
passenger382@gmail.com,123456
passenger383@gmail.com,123456
passenger384@gmail.com,123456
passenger385@gmail.com,123456
passenger386@gmail.com,123456
passenger387@gmail.com,123456
passenger388@gmail.com,123456
passenger389@gmail.com,123456
passenger390@gmail.com,123456
passenger391@gmail.com,123456
passenger392@gmail.com,123456
passenger393@gmail.com,123456
passenger394@gmail.com,123456
passenger395@gmail.com,123456
passenger396@gmail.com,123456
passenger397@gmail.com,123456
passenger398@gmail.com,123456
passenger399@gmail.com,123456
passenger400@gmail.com,123456
passenger401@gmail.com,123456
passenger402@gmail.com,123456
passenger403@gmail.com,123456
passenger404@gmail.com,123456
passenger405@gmail.com,123456
passenger406@gmail.com,123456
passenger407@gmail.com,123456
passenger408@gmail.com,123456
passenger409@gmail.com,123456
passenger410@gmail.com,123456
passenger411@gmail.com,123456
passenger412@gmail.com,123456
passenger413@gmail.com,123456
passenger414@gmail.com,123456
passenger415@gmail.com,123456
passenger416@gmail.com,123456
passenger417@gmail.com,123456
passenger418@gmail.com,123456
passenger419@gmail.com,123456
passenger420@gmail.com,123456
passenger421@gmail.com,123456
passenger422@gmail.com,123456
passenger423@gmail.com,123456
passenger424@gmail.com,123456
passenger425@gmail.com,123456
passenger426@gmail.com,123456
passenger427@gmail.com,123456
passenger428@gmail.com,123456
passenger429@gmail.com,123456
passenger430@gmail.com,123456
passenger431@gmail.com,123456
passenger432@gmail.com,123456
passenger433@gmail.com,123456
passenger434@gmail.com,123456
passenger435@gmail.com,123456
passenger436@gmail.com,123456
passenger437@gmail.com,123456
passenger438@gmail.com,123456
passenger439@gmail.com,123456
passenger440@gmail.com,123456
passenger441@gmail.com,123456
passenger442@gmail.com,123456
passenger443@gmail.com,123456
passenger444@gmail.com,123456
passenger445@gmail.com,123456
passenger446@gmail.com,123456
passenger447@gmail.com,123456
passenger448@gmail.com,123456
passenger449@gmail.com,123456
passenger450@gmail.com,123456
passenger451@gmail.com,123456
passenger452@gmail.com,123456
passenger453@gmail.com,123456
passenger454@gmail.com,123456
passenger455@gmail.com,123456
passenger456@gmail.com,123456
passenger457@gmail.com,123456
passenger458@gmail.com,123456
passenger459@gmail.com,123456
passenger460@gmail.com,123456
passenger461@gmail.com,123456
passenger462@gmail.com,123456
passenger463@gmail.com,123456
passenger464@gmail.com,123456
passenger465@gmail.com,123456
passenger466@gmail.com,123456
passenger467@gmail.com,123456
passenger468@gmail.com,123456
passenger469@gmail.com,123456
passenger470@gmail.com,123456
passenger471@gmail.com,123456
passenger472@gmail.com,123456
passenger473@gmail.com,123456
passenger474@gmail.com,123456
passenger475@gmail.com,123456
passenger476@gmail.com,123456
passenger477@gmail.com,123456
passenger478@gmail.com,123456
passenger479@gmail.com,123456
passenger480@gmail.com,123456
passenger481@gmail.com,123456
passenger482@gmail.com,123456
passenger483@gmail.com,123456
passenger484@gmail.com,123456
passenger485@gmail.com,123456
passenger486@gmail.com,123456
passenger487@gmail.com,123456
passenger488@gmail.com,123456
passenger489@gmail.com,123456
passenger490@gmail.com,123456
passenger491@gmail.com,123456
passenger492@gmail.com,123456
passenger493@gmail.com,123456
passenger494@gmail.com,123456
passenger495@gmail.com,123456
passenger496@gmail.com,123456
passenger497@gmail.com,123456
passenger498@gmail.com,123456
passenger499@gmail.com,123456
passenger500@gmail.com,123456
passenger501@gmail.com,123456
passenger502@gmail.com,123456
passenger503@gmail.com,123456
passenger504@gmail.com,123456
passenger505@gmail.com,123456
passenger506@gmail.com,123456
passenger507@gmail.com,123456
passenger508@gmail.com,123456
passenger509@gmail.com,123456
passenger510@gmail.com,123456
passenger511@gmail.com,123456
passenger512@gmail.com,123456
passenger513@gmail.com,123456
passenger514@gmail.com,123456
passenger515@gmail.com,123456
passenger516@gmail.com,123456
passenger517@gmail.com,123456
passenger518@gmail.com,123456
passenger519@gmail.com,123456
passenger520@gmail.com,123456
passenger521@gmail.com,123456
passenger522@gmail.com,123456
passenger523@gmail.com,123456
passenger524@gmail.com,123456
passenger525@gmail.com,123456
passenger526@gmail.com,123456
passenger527@gmail.com,123456
passenger528@gmail.com,123456
passenger529@gmail.com,123456
passenger530@gmail.com,123456
passenger531@gmail.com,123456
passenger532@gmail.com,123456
passenger533@gmail.com,123456
passenger534@gmail.com,123456
passenger535@gmail.com,123456
passenger536@gmail.com,123456
passenger537@gmail.com,123456
passenger538@gmail.com,123456
passenger539@gmail.com,123456
passenger540@gmail.com,123456
passenger541@gmail.com,123456
passenger542@gmail.com,123456
passenger543@gmail.com,123456
passenger544@gmail.com,123456
passenger545@gmail.com,123456
passenger546@gmail.com,123456
passenger547@gmail.com,123456
passenger548@gmail.com,123456
passenger549@gmail.com,123456
passenger550@gmail.com,123456
passenger551@gmail.com,123456
passenger552@gmail.com,123456
passenger553@gmail.com,123456
passenger554@gmail.com,123456
passenger555@gmail.com,123456
passenger556@gmail.com,123456
passenger557@gmail.com,123456
passenger558@gmail.com,123456
passenger559@gmail.com,123456
passenger560@gmail.com,123456
passenger561@gmail.com,123456
passenger562@gmail.com,123456
passenger563@gmail.com,123456
passenger564@gmail.com,123456
passenger565@gmail.com,123456
passenger566@gmail.com,123456
passenger567@gmail.com,123456
passenger568@gmail.com,123456
passenger569@gmail.com,123456
passenger570@gmail.com,123456
passenger571@gmail.com,123456
passenger572@gmail.com,123456
passenger573@gmail.com,123456
passenger574@gmail.com,123456
passenger575@gmail.com,123456
passenger576@gmail.com,123456
passenger577@gmail.com,123456
passenger578@gmail.com,123456
passenger579@gmail.com,123456
passenger580@gmail.com,123456
passenger581@gmail.com,123456
passenger582@gmail.com,123456
passenger583@gmail.com,123456
passenger584@gmail.com,123456
passenger585@gmail.com,123456
passenger586@gmail.com,123456
passenger587@gmail.com,123456
passenger588@gmail.com,123456
passenger589@gmail.com,123456
passenger590@gmail.com,123456
passenger591@gmail.com,123456
passenger592@gmail.com,123456
passenger593@gmail.com,123456
passenger594@gmail.com,123456
passenger595@gmail.com,123456
passenger596@gmail.com,123456
passenger597@gmail.com,123456
passenger598@gmail.com,123456
passenger599@gmail.com,123456
passenger600@gmail.com,123456
passenger601@gmail.com,123456
passenger602@gmail.com,123456
passenger603@gmail.com,123456
passenger604@gmail.com,123456
passenger605@gmail.com,123456
passenger606@gmail.com,123456
passenger607@gmail.com,123456
passenger608@gmail.com,123456
passenger609@gmail.com,123456
passenger610@gmail.com,123456
passenger611@gmail.com,123456
passenger612@gmail.com,123456
passenger613@gmail.com,123456
passenger614@gmail.com,123456
passenger615@gmail.com,123456
passenger616@gmail.com,123456
passenger617@gmail.com,123456
passenger618@gmail.com,123456
passenger619@gmail.com,123456
passenger620@gmail.com,123456
passenger621@gmail.com,123456
passenger622@gmail.com,123456
passenger623@gmail.com,123456
passenger624@gmail.com,123456
passenger625@gmail.com,123456
passenger626@gmail.com,123456
passenger627@gmail.com,123456
passenger628@gmail.com,123456
passenger629@gmail.com,123456
passenger630@gmail.com,123456
passenger631@gmail.com,123456
passenger632@gmail.com,123456
passenger633@gmail.com,123456
passenger634@gmail.com,123456
passenger635@gmail.com,123456
passenger636@gmail.com,123456
passenger637@gmail.com,123456
passenger638@gmail.com,123456
passenger639@gmail.com,123456
passenger640@gmail.com,123456
passenger641@gmail.com,123456
passenger642@gmail.com,123456
passenger643@gmail.com,123456
passenger644@gmail.com,123456
passenger645@gmail.com,123456
passenger646@gmail.com,123456
passenger647@gmail.com,123456
passenger648@gmail.com,123456
passenger649@gmail.com,123456
passenger650@gmail.com,123456
passenger651@gmail.com,123456
passenger652@gmail.com,123456
passenger653@gmail.com,123456
passenger654@gmail.com,123456
passenger655@gmail.com,123456
passenger656@gmail.com,123456
passenger657@gmail.com,123456
passenger658@gmail.com,123456
passenger659@gmail.com,123456
passenger660@gmail.com,123456
passenger661@gmail.com,123456
passenger662@gmail.com,123456
passenger663@gmail.com,123456
passenger664@gmail.com,123456
passenger665@gmail.com,123456
passenger666@gmail.com,123456
passenger667@gmail.com,123456
passenger668@gmail.com,123456
passenger669@gmail.com,123456
passenger670@gmail.com,123456
passenger671@gmail.com,123456
passenger672@gmail.com,123456
passenger673@gmail.com,123456
passenger674@gmail.com,123456
passenger675@gmail.com,123456
passenger676@gmail.com,123456
passenger677@gmail.com,123456
passenger678@gmail.com,123456
passenger679@gmail.com,123456
passenger680@gmail.com,123456
passenger681@gmail.com,123456
passenger682@gmail.com,123456
passenger683@gmail.com,123456
passenger684@gmail.com,123456
passenger685@gmail.com,123456
passenger686@gmail.com,123456
passenger687@gmail.com,123456
passenger688@gmail.com,123456
passenger689@gmail.com,123456
passenger690@gmail.com,123456
passenger691@gmail.com,123456
passenger692@gmail.com,123456
passenger693@gmail.com,123456
passenger694@gmail.com,123456
passenger695@gmail.com,123456
passenger696@gmail.com,123456
passenger697@gmail.com,123456
passenger698@gmail.com,123456
passenger699@gmail.com,123456
passenger700@gmail.com,123456
passenger701@gmail.com,123456
passenger702@gmail.com,123456
passenger703@gmail.com,123456
passenger704@gmail.com,123456
passenger705@gmail.com,123456
passenger706@gmail.com,123456
passenger707@gmail.com,123456
passenger708@gmail.com,123456
passenger709@gmail.com,123456
passenger710@gmail.com,123456
passenger711@gmail.com,123456
passenger712@gmail.com,123456
passenger713@gmail.com,123456
passenger714@gmail.com,123456
passenger715@gmail.com,123456
passenger716@gmail.com,123456
passenger717@gmail.com,123456
passenger718@gmail.com,123456
passenger719@gmail.com,123456
passenger720@gmail.com,123456
passenger721@gmail.com,123456
passenger722@gmail.com,123456
passenger723@gmail.com,123456
passenger724@gmail.com,123456
passenger725@gmail.com,123456
passenger726@gmail.com,123456
passenger727@gmail.com,123456
passenger728@gmail.com,123456
passenger729@gmail.com,123456
passenger730@gmail.com,123456
passenger731@gmail.com,123456
passenger732@gmail.com,123456
passenger733@gmail.com,123456
passenger734@gmail.com,123456
passenger735@gmail.com,123456
passenger736@gmail.com,123456
passenger737@gmail.com,123456
passenger738@gmail.com,123456
passenger739@gmail.com,123456
passenger740@gmail.com,123456
passenger741@gmail.com,123456
passenger742@gmail.com,123456
passenger743@gmail.com,123456
passenger744@gmail.com,123456
passenger745@gmail.com,123456
passenger746@gmail.com,123456
passenger747@gmail.com,123456
passenger748@gmail.com,123456
passenger749@gmail.com,123456
passenger750@gmail.com,123456
passenger751@gmail.com,123456
passenger752@gmail.com,123456
passenger753@gmail.com,123456
passenger754@gmail.com,123456
passenger755@gmail.com,123456
passenger756@gmail.com,123456
passenger757@gmail.com,123456
passenger758@gmail.com,123456
passenger759@gmail.com,123456
passenger760@gmail.com,123456
passenger761@gmail.com,123456
passenger762@gmail.com,123456
passenger763@gmail.com,123456
passenger764@gmail.com,123456
passenger765@gmail.com,123456
passenger766@gmail.com,123456
passenger767@gmail.com,123456
passenger768@gmail.com,123456
passenger769@gmail.com,123456
passenger770@gmail.com,123456
passenger771@gmail.com,123456
passenger772@gmail.com,123456
passenger773@gmail.com,123456
passenger774@gmail.com,123456
passenger775@gmail.com,123456
passenger776@gmail.com,123456
passenger777@gmail.com,123456
passenger778@gmail.com,123456
passenger779@gmail.com,123456
passenger780@gmail.com,123456
passenger781@gmail.com,123456
passenger782@gmail.com,123456
passenger783@gmail.com,123456
passenger784@gmail.com,123456
passenger785@gmail.com,123456
passenger786@gmail.com,123456
passenger787@gmail.com,123456
passenger788@gmail.com,123456
passenger789@gmail.com,123456
passenger790@gmail.com,123456
passenger791@gmail.com,123456
passenger792@gmail.com,123456
passenger793@gmail.com,123456
passenger794@gmail.com,123456
passenger795@gmail.com,123456
passenger796@gmail.com,123456
passenger797@gmail.com,123456
passenger798@gmail.com,123456
passenger799@gmail.com,123456
passenger800@gmail.com,123456
passenger801@gmail.com,123456
passenger802@gmail.com,123456
passenger803@gmail.com,123456
passenger804@gmail.com,123456
passenger805@gmail.com,123456
passenger806@gmail.com,123456
passenger807@gmail.com,123456
passenger808@gmail.com,123456
passenger809@gmail.com,123456
passenger810@gmail.com,123456
passenger811@gmail.com,123456
passenger812@gmail.com,123456
passenger813@gmail.com,123456
passenger814@gmail.com,123456
passenger815@gmail.com,123456
passenger816@gmail.com,123456
passenger817@gmail.com,123456
passenger818@gmail.com,123456
passenger819@gmail.com,123456
passenger820@gmail.com,123456
passenger821@gmail.com,123456
passenger822@gmail.com,123456
passenger823@gmail.com,123456
passenger824@gmail.com,123456
passenger825@gmail.com,123456
passenger826@gmail.com,123456
passenger827@gmail.com,123456
passenger828@gmail.com,123456
passenger829@gmail.com,123456
passenger830@gmail.com,123456
passenger831@gmail.com,123456
passenger832@gmail.com,123456
passenger833@gmail.com,123456
passenger834@gmail.com,123456
passenger835@gmail.com,123456
passenger836@gmail.com,123456
passenger837@gmail.com,123456
passenger838@gmail.com,123456
passenger839@gmail.com,123456
passenger840@gmail.com,123456
passenger841@gmail.com,123456
passenger842@gmail.com,123456
passenger843@gmail.com,123456
passenger844@gmail.com,123456
passenger845@gmail.com,123456
passenger846@gmail.com,123456
passenger847@gmail.com,123456
passenger848@gmail.com,123456
passenger849@gmail.com,123456
passenger850@gmail.com,123456
passenger851@gmail.com,123456
passenger852@gmail.com,123456
passenger853@gmail.com,123456
passenger854@gmail.com,123456
passenger855@gmail.com,123456
passenger856@gmail.com,123456
passenger857@gmail.com,123456
passenger858@gmail.com,123456
passenger859@gmail.com,123456
passenger860@gmail.com,123456
passenger861@gmail.com,123456
passenger862@gmail.com,123456
passenger863@gmail.com,123456
passenger864@gmail.com,123456
passenger865@gmail.com,123456
passenger866@gmail.com,123456
passenger867@gmail.com,123456
passenger868@gmail.com,123456
passenger869@gmail.com,123456
passenger870@gmail.com,123456
passenger871@gmail.com,123456
passenger872@gmail.com,123456
passenger873@gmail.com,123456
passenger874@gmail.com,123456
passenger875@gmail.com,123456
passenger876@gmail.com,123456
passenger877@gmail.com,123456
passenger878@gmail.com,123456
passenger879@gmail.com,123456
passenger880@gmail.com,123456
passenger881@gmail.com,123456
passenger882@gmail.com,123456
passenger883@gmail.com,123456
passenger884@gmail.com,123456
passenger885@gmail.com,123456
passenger886@gmail.com,123456
passenger887@gmail.com,123456
passenger888@gmail.com,123456
passenger889@gmail.com,123456
passenger890@gmail.com,123456
passenger891@gmail.com,123456
passenger892@gmail.com,123456
passenger893@gmail.com,123456
passenger894@gmail.com,123456
passenger895@gmail.com,123456
passenger896@gmail.com,123456
passenger897@gmail.com,123456
passenger898@gmail.com,123456
passenger899@gmail.com,123456
passenger900@gmail.com,123456
passenger901@gmail.com,123456
passenger902@gmail.com,123456
passenger903@gmail.com,123456
passenger904@gmail.com,123456
passenger905@gmail.com,123456
passenger906@gmail.com,123456
passenger907@gmail.com,123456
passenger908@gmail.com,123456
passenger909@gmail.com,123456
passenger910@gmail.com,123456
passenger911@gmail.com,123456
passenger912@gmail.com,123456
passenger913@gmail.com,123456
passenger914@gmail.com,123456
passenger915@gmail.com,123456
passenger916@gmail.com,123456
passenger917@gmail.com,123456
passenger918@gmail.com,123456
passenger919@gmail.com,123456
passenger920@gmail.com,123456
passenger921@gmail.com,123456
passenger922@gmail.com,123456
passenger923@gmail.com,123456
passenger924@gmail.com,123456
passenger925@gmail.com,123456
passenger926@gmail.com,123456
passenger927@gmail.com,123456
passenger928@gmail.com,123456
passenger929@gmail.com,123456
passenger930@gmail.com,123456
passenger931@gmail.com,123456
passenger932@gmail.com,123456
passenger933@gmail.com,123456
passenger934@gmail.com,123456
passenger935@gmail.com,123456
passenger936@gmail.com,123456
passenger937@gmail.com,123456
passenger938@gmail.com,123456
passenger939@gmail.com,123456
passenger940@gmail.com,123456
passenger941@gmail.com,123456
passenger942@gmail.com,123456
passenger943@gmail.com,123456
passenger944@gmail.com,123456
passenger945@gmail.com,123456
passenger946@gmail.com,123456
passenger947@gmail.com,123456
passenger948@gmail.com,123456
passenger949@gmail.com,123456
passenger950@gmail.com,123456
passenger951@gmail.com,123456
passenger952@gmail.com,123456
passenger953@gmail.com,123456
passenger954@gmail.com,123456
passenger955@gmail.com,123456
passenger956@gmail.com,123456
passenger957@gmail.com,123456
passenger958@gmail.com,123456
passenger959@gmail.com,123456
passenger960@gmail.com,123456
passenger961@gmail.com,123456
passenger962@gmail.com,123456
passenger963@gmail.com,123456
passenger964@gmail.com,123456
passenger965@gmail.com,123456
passenger966@gmail.com,123456
passenger967@gmail.com,123456
passenger968@gmail.com,123456
passenger969@gmail.com,123456
passenger970@gmail.com,123456
passenger971@gmail.com,123456
passenger972@gmail.com,123456
passenger973@gmail.com,123456
passenger974@gmail.com,123456
passenger975@gmail.com,123456
passenger976@gmail.com,123456
passenger977@gmail.com,123456
passenger978@gmail.com,123456
passenger979@gmail.com,123456
passenger980@gmail.com,123456
passenger981@gmail.com,123456
passenger982@gmail.com,123456
passenger983@gmail.com,123456
passenger984@gmail.com,123456
passenger985@gmail.com,123456
passenger986@gmail.com,123456
passenger987@gmail.com,123456
passenger988@gmail.com,123456
passenger989@gmail.com,123456
passenger990@gmail.com,123456
passenger991@gmail.com,123456
passenger992@gmail.com,123456
passenger993@gmail.com,123456
passenger994@gmail.com,123456
passenger995@gmail.com,123456
passenger996@gmail.com,123456
passenger997@gmail.com,123456
passenger998@gmail.com,123456
passenger999@gmail.com,123456
passenger1000@gmail.com,123456