driver1@gmail.com,123456,eyJhbGciOiJIUzI1NiIsInR5cCI6IkpXVCJ9.eyJ1c2VybmFtZSI6ImRyaXZlcjFAZ21haWwuY29tIiwic3ViIjoiNzM5YTg1ZTQtODFlNy00ZDIzLTlhMmEtOTlkMjg3NzkxOWU3Iiwicm9sZSI6ImRyaXZlciIsImlhdCI6MTc2NDEyOTEyMiwiZXhwIjoxNzY0MTMyNzIyfQ.kjfzFljGnvq77go7KDGtSqiuIAwamHPlJHEzyaRyaGk,739a85e4-81e7-4d23-9a2a-99d2877919e7,CAR_7_SEATS
driver2@gmail.com,123456,eyJhbGciOiJIUzI1NiIsInR5cCI6IkpXVCJ9.eyJ1c2VybmFtZSI6ImRyaXZlcjJAZ21haWwuY29tIiwic3ViIjoiMTEzYWRhNmEtZmEyYS00M2FiLWJkZjMtZTA1ODNhNDUxY2UxIiwicm9sZSI6ImRyaXZlciIsImlhdCI6MTc2NDEyOTEyMiwiZXhwIjoxNzY0MTMyNzIyfQ.myYAxQOWGO5GrN8pVrduCzrpYDkfuZXnGRmITxWvqi8,113ada6a-fa2a-43ab-bdf3-e0583a451ce1,MOTORBIKE
driver3@gmail.com,123456,eyJhbGciOiJIUzI1NiIsInR5cCI6IkpXVCJ9.eyJ1c2VybmFtZSI6ImRyaXZlcjNAZ21haWwuY29tIiwic3ViIjoiN2U4MWNiOGEtNzFkNS00NjFiLTgyOTMtODQ0NTBkMDExMGI1Iiwicm9sZSI6ImRyaXZlciIsImlhdCI6MTc2NDEyOTEyMiwiZXhwIjoxNzY0MTMyNzIyfQ.r6cEC0WFYDwo6Dh5Ndl8RSfZfvexNhsR6SP_um3xCX8,7e81cb8a-71d5-461b-8293-84450d0110b5,CAR_4_SEATS
driver4@gmail.com,123456,eyJhbGciOiJIUzI1NiIsInR5cCI6IkpXVCJ9.eyJ1c2VybmFtZSI6ImRyaXZlcjRAZ21haWwuY29tIiwic3ViIjoiZDg0MjI1MTQtY2E5Mi00MjgzLWE5NzEtMDI2YWQ1ZWVjYTI4Iiwicm9sZSI6ImRyaXZlciIsImlhdCI6MTc2NDEyOTEyMiwiZXhwIjoxNzY0MTMyNzIyfQ.ZtyIXoTwlTVE0Z_JKCtSnGm8EEHCflTz4TXgt5uRk7w,d8422514-ca92-4283-a971-026ad5eeca28,CAR_4_SEATS
driver5@gmail.com,123456,eyJhbGciOiJIUzI1NiIsInR5cCI6IkpXVCJ9.eyJ1c2VybmFtZSI6ImRyaXZlcjVAZ21haWwuY29tIiwic3ViIjoiOTQzM2NjN2EtMWI2OC00YzJmLThiODktMjMwNmVmZjA5ZmI3Iiwicm9sZSI6ImRyaXZlciIsImlhdCI6MTc2NDEyOTEyMiwiZXhwIjoxNzY0MTMyNzIyfQ.B8ReNGpD4ZCv29iuUeoR-zLg0oOew2YBknQCVMhh2dg,9433cc7a-1b68-4c2f-8b89-2306eff09fb7,CAR_4_SEATS
driver6@gmail.com,123456,eyJhbGciOiJIUzI1NiIsInR5cCI6IkpXVCJ9.eyJ1c2VybmFtZSI6ImRyaXZlcjZAZ21haWwuY29tIiwic3ViIjoiNDhhMTU4ZDgtZmE3Mi00ODUzLWFlMWMtOWFiNTQ0MDE2NjkyIiwicm9sZSI6ImRyaXZlciIsImlhdCI6MTc2NDEyOTEyMiwiZXhwIjoxNzY0MTMyNzIyfQ.YRf6REPt2hm8JvD_hBbzv1BkyfXGksNcKgZTxHS3-YY,48a158d8-fa72-4853-ae1c-9ab544016692,MOTORBIKE
driver7@gmail.com,123456,eyJhbGciOiJIUzI1NiIsInR5cCI6IkpXVCJ9.eyJ1c2VybmFtZSI6ImRyaXZlcjdAZ21haWwuY29tIiwic3ViIjoiY2M0YjIyNjUtNjU4Zi00NWZlLTljYTctNjgwODcyNWRjOGM4Iiwicm9sZSI6ImRyaXZlciIsImlhdCI6MTc2NDEyOTEyMiwiZXhwIjoxNzY0MTMyNzIyfQ.PKp_QpXnBQkjwkUJJX7gXnvZDX_jtsGafXaqfJf4y-g,cc4b2265-658f-45fe-9ca7-6808725dc8c8,MOTORBIKE
driver8@gmail.com,123456,eyJhbGciOiJIUzI1NiIsInR5cCI6IkpXVCJ9.eyJ1c2VybmFtZSI6ImRyaXZlcjhAZ21haWwuY29tIiwic3ViIjoiY2E5OWUwM2ItZDI5Yi00NjBkLTk5YWYtY2ExODg3MDZiNzVhIiwicm9sZSI6ImRyaXZlciIsImlhdCI6MTc2NDEyOTEyMiwiZXhwIjoxNzY0MTMyNzIyfQ.UCvL0zjitPKKtvcYO0vYJg-Zh8KE2ogJJOPasUR0N9U,ca99e03b-d29b-460d-99af-ca188706b75a,CAR_4_SEATS
driver9@gmail.com,123456,eyJhbGciOiJIUzI1NiIsInR5cCI6IkpXVCJ9.eyJ1c2VybmFtZSI6ImRyaXZlcjlAZ21haWwuY29tIiwic3ViIjoiMDcxZTkwZmMtODE2Mi00NmI5LTgzMzctOTVmOTNjMTFmY2VlIiwicm9sZSI6ImRyaXZlciIsImlhdCI6MTc2NDEyOTEyMiwiZXhwIjoxNzY0MTMyNzIyfQ.Z1_UGXOHbBjCCSoASuTU_dy4ZwCnoQqpOPrCisxherU,071e90fc-8162-46b9-8337-95f93c11fcee,CAR_4_SEATS
driver10@gmail.com,123456,eyJhbGciOiJIUzI1NiIsInR5cCI6IkpXVCJ9.eyJ1c2VybmFtZSI6ImRyaXZlcjEwQGdtYWlsLmNvbSIsInN1YiI6IjgwMTA4ZDM2LTNiZGMtNDk0YS1iNjQ3LTQzYzNiN2Q2OWQ3MSIsInJvbGUiOiJkcml2ZXIiLCJpYXQiOjE3NjQxMjkxMjIsImV4cCI6MTc2NDEzMjcyMn0.UkfmFQnTmq2eiHqPUxqif6DmQ_0MZ2WnaJoWesuZL8M,80108d36-3bdc-494a-b647-43c3b7d69d71,CAR_4_SEATS
driver11@gmail.com,123456,eyJhbGciOiJIUzI1NiIsInR5cCI6IkpXVCJ9.eyJ1c2VybmFtZSI6ImRyaXZlcjExQGdtYWlsLmNvbSIsInN1YiI6ImQxM2JhMTUxLTAyMzgtNDhmZi1hYzJlLTViMDczM2Y2NjQxMSIsInJvbGUiOiJkcml2ZXIiLCJpYXQiOjE3NjQxMjkxMjIsImV4cCI6MTc2NDEzMjcyMn0.Dxq2y8Y_5zWQBQwUf4qCnCj0Qkhz3juMf85ksR_8YLg,d13ba151-0238-48ff-ac2e-5b0733f66411,MOTORBIKE
driver12@gmail.com,123456,eyJhbGciOiJIUzI1NiIsInR5cCI6IkpXVCJ9.eyJ1c2VybmFtZSI6ImRyaXZlcjEyQGdtYWlsLmNvbSIsInN1YiI6IjRhYjFlZjFkLTg2NTAtNGM0OS05ZjI3LTlmNDU5NDgzNGQwOCIsInJvbGUiOiJkcml2ZXIiLCJpYXQiOjE3NjQxMjkxMjMsImV4cCI6MTc2NDEzMjcyM30.xBedev2W3xlqSrYiUVgdaiE45U9xJi6m_zNK53TfCc8,4ab1ef1d-8650-4c49-9f27-9f4594834d08,CAR_4_SEATS
driver13@gmail.com,123456,eyJhbGciOiJIUzI1NiIsInR5cCI6IkpXVCJ9.eyJ1c2VybmFtZSI6ImRyaXZlcjEzQGdtYWlsLmNvbSIsInN1YiI6IjllMzQyYjFkLWJlZDMtNGMxMy1hYjM2LTQ2OGVkZDc0Mzk0ZCIsInJvbGUiOiJkcml2ZXIiLCJpYXQiOjE3NjQxMjkxMjMsImV4cCI6MTc2NDEzMjcyM30.nE15KbpnCrlPfWwep2QwAr6faoC5JPJJNpplhkd3azk,9e342b1d-bed3-4c13-ab36-468edd74394d,MOTORBIKE
driver14@gmail.com,123456,eyJhbGciOiJIUzI1NiIsInR5cCI6IkpXVCJ9.eyJ1c2VybmFtZSI6ImRyaXZlcjE0QGdtYWlsLmNvbSIsInN1YiI6IjhhZjQ1ZDk3LTEzNTktNDkxNS04NDJkLTMyNTM2ZTA3Yzc3MCIsInJvbGUiOiJkcml2ZXIiLCJpYXQiOjE3NjQxMjkxMjMsImV4cCI6MTc2NDEzMjcyM30.KREpfJuTWWRMtQU5bNOdkxoyACjIOJyFPdyxWeQoly0,8af45d97-1359-4915-842d-32536e07c770,MOTORBIKE
driver15@gmail.com,123456,eyJhbGciOiJIUzI1NiIsInR5cCI6IkpXVCJ9.eyJ1c2VybmFtZSI6ImRyaXZlcjE1QGdtYWlsLmNvbSIsInN1YiI6ImM4ZjhlNWI0LTY2NGQtNGQwYy1hNGIyLWUxNzMwZGRmZjUzNyIsInJvbGUiOiJkcml2ZXIiLCJpYXQiOjE3NjQxMjkxMjMsImV4cCI6MTc2NDEzMjcyM30.EJrMeid-RRYR-Gu36uCrdDRJdorOY_q61E1BtU1PG8Y,c8f8e5b4-664d-4d0c-a4b2-e1730ddff537,CAR_4_SEATS
driver16@gmail.com,123456,eyJhbGciOiJIUzI1NiIsInR5cCI6IkpXVCJ9.eyJ1c2VybmFtZSI6ImRyaXZlcjE2QGdtYWlsLmNvbSIsInN1YiI6ImUyNTJlNDRiLTZlNjgtNDI2Zi1hM2FhLThjZmRhODcwNDgyMCIsInJvbGUiOiJkcml2ZXIiLCJpYXQiOjE3NjQxMjkxMjMsImV4cCI6MTc2NDEzMjcyM30.vgcB_m5MGMTOHTG4lMRpiLsxrjPg0QW5vGYrV_CPPAQ,e252e44b-6e68-426f-a3aa-8cfda8704820,CAR_4_SEATS
driver17@gmail.com,123456,eyJhbGciOiJIUzI1NiIsInR5cCI6IkpXVCJ9.eyJ1c2VybmFtZSI6ImRyaXZlcjE3QGdtYWlsLmNvbSIsInN1YiI6IjQyNTI4YmEzLWQwOWYtNGRjZC1hOWQyLWQ3MGIwODAyNjhlMCIsInJvbGUiOiJkcml2ZXIiLCJpYXQiOjE3NjQxMjkxMjMsImV4cCI6MTc2NDEzMjcyM30.JLljTaaUVx3gf4XUf5Wcj6oGlNmgC5yHidqE4Ztb98E,42528ba3-d09f-4dcd-a9d2-d70b080268e0,MOTORBIKE
driver18@gmail.com,123456,eyJhbGciOiJIUzI1NiIsInR5cCI6IkpXVCJ9.eyJ1c2VybmFtZSI6ImRyaXZlcjE4QGdtYWlsLmNvbSIsInN1YiI6ImY2YWI2OTI0LTIxNDEtNDQ4MS05ODgzLTU2MmE3YTFjOTk4MSIsInJvbGUiOiJkcml2ZXIiLCJpYXQiOjE3NjQxMjkxMjMsImV4cCI6MTc2NDEzMjcyM30.eLOUxRUNchSAJxAX6iZGt48fR8P_050h5qFfhEhs804,f6ab6924-2141-4481-9883-562a7a1c9981,MOTORBIKE
driver19@gmail.com,123456,eyJhbGciOiJIUzI1NiIsInR5cCI6IkpXVCJ9.eyJ1c2VybmFtZSI6ImRyaXZlcjE5QGdtYWlsLmNvbSIsInN1YiI6Ijk0NDY2OWVjLTk5ZGYtNDZmZC1iYTcwLWNlYTQ4Zjg1NDg0NSIsInJvbGUiOiJkcml2ZXIiLCJpYXQiOjE3NjQxMjkxMjMsImV4cCI6MTc2NDEzMjcyM30.pHzul9ubrgorZUe1gdBPbYvmWO262TeERTtc4ZAG85c,944669ec-99df-46fd-ba70-cea48f854845,MOTORBIKE
driver20@gmail.com,123456,eyJhbGciOiJIUzI1NiIsInR5cCI6IkpXVCJ9.eyJ1c2VybmFtZSI6ImRyaXZlcjIwQGdtYWlsLmNvbSIsInN1YiI6ImY5ZTljMGJlLTc2MmEtNDkwNy1hNTQ4LWQ5NTI3ODRjMGZiYiIsInJvbGUiOiJkcml2ZXIiLCJpYXQiOjE3NjQxMjkxMjMsImV4cCI6MTc2NDEzMjcyM30.eYVPgGYRgYAlovR-MUDpQ42WGoJDZEikR0prB5JdNag,f9e9c0be-762a-4907-a548-d952784c0fbb,MOTORBIKE
driver21@gmail.com,123456,eyJhbGciOiJIUzI1NiIsInR5cCI6IkpXVCJ9.eyJ1c2VybmFtZSI6ImRyaXZlcjIxQGdtYWlsLmNvbSIsInN1YiI6IjA2NjIxMjI4LTZhMDgtNDg2My04MjYyLWI5OGRiZTUxNWZjYiIsInJvbGUiOiJkcml2ZXIiLCJpYXQiOjE3NjQxMjkxMjMsImV4cCI6MTc2NDEzMjcyM30.TBvh1mEZOWZ0h2jnbSstqThv7SwBGUv1plykWTPGaw0,06621228-6a08-4863-8262-b98dbe515fcb,MOTORBIKE
driver22@gmail.com,123456,eyJhbGciOiJIUzI1NiIsInR5cCI6IkpXVCJ9.eyJ1c2VybmFtZSI6ImRyaXZlcjIyQGdtYWlsLmNvbSIsInN1YiI6IjQ5Yjc4MzljLWQxZDYtNDA2Yi05N2MxLTkxNWQ2OTIwNjU2ZCIsInJvbGUiOiJkcml2ZXIiLCJpYXQiOjE3NjQxMjkxMjMsImV4cCI6MTc2NDEzMjcyM30.Is1j1lUn2M-izNKfX5KM2Ra7BhHf_vIVdrLdJh4ffxs,49b7839c-d1d6-406b-97c1-915d6920656d,CAR_4_SEATS
driver23@gmail.com,123456,eyJhbGciOiJIUzI1NiIsInR5cCI6IkpXVCJ9.eyJ1c2VybmFtZSI6ImRyaXZlcjIzQGdtYWlsLmNvbSIsInN1YiI6ImE4YzA5NDViLWI4YTgtNDRjYS04ZmQyLTdjMDYzZTEzNWI3MiIsInJvbGUiOiJkcml2ZXIiLCJpYXQiOjE3NjQxMjkxMjMsImV4cCI6MTc2NDEzMjcyM30.bLcIltBXL_kfZ28DuAMHKZvh2H-HvVPx4yDJUwfjdTY,a8c0945b-b8a8-44ca-8fd2-7c063e135b72,CAR_4_SEATS
driver24@gmail.com,123456,eyJhbGciOiJIUzI1NiIsInR5cCI6IkpXVCJ9.eyJ1c2VybmFtZSI6ImRyaXZlcjI0QGdtYWlsLmNvbSIsInN1YiI6ImM1Njc5ODZhLTFiMGQtNDE3Yy1hYTUxLTUwNzNkMjhmMDEzNyIsInJvbGUiOiJkcml2ZXIiLCJpYXQiOjE3NjQxMjkxMjMsImV4cCI6MTc2NDEzMjcyM30.ZX4B4qE-cmvdp1A1lJUKLmCH9DAugiZI9Hq4eC1uw-k,c567986a-1b0d-417c-aa51-5073d28f0137,CAR_7_SEATS
driver25@gmail.com,123456,eyJhbGciOiJIUzI1NiIsInR5cCI6IkpXVCJ9.eyJ1c2VybmFtZSI6ImRyaXZlcjI1QGdtYWlsLmNvbSIsInN1YiI6ImRhNTY2MWEwLWM3MjYtNGRkNS1hZDc4LTg3YTEyODllMzI3OCIsInJvbGUiOiJkcml2ZXIiLCJpYXQiOjE3NjQxMjkxMjMsImV4cCI6MTc2NDEzMjcyM30.EuNL5YFlshSiRT36cnrShk4Bu2FV12FACj4TYRkbY1w,da5661a0-c726-4dd5-ad78-87a1289e3278,MOTORBIKE
driver26@gmail.com,123456,eyJhbGciOiJIUzI1NiIsInR5cCI6IkpXVCJ9.eyJ1c2VybmFtZSI6ImRyaXZlcjI2QGdtYWlsLmNvbSIsInN1YiI6IjU5MzgxYjZiLTY0ZWMtNGFlNC04OWMyLWE4OWI0YzZhZjU0NyIsInJvbGUiOiJkcml2ZXIiLCJpYXQiOjE3NjQxMjkxMjMsImV4cCI6MTc2NDEzMjcyM30.kcU-u__HLVDEDmAyW7Sh9g1O20_MxbZ8_fuafaH85Iw,59381b6b-64ec-4ae4-89c2-a89b4c6af547,MOTORBIKE
driver27@gmail.com,123456,eyJhbGciOiJIUzI1NiIsInR5cCI6IkpXVCJ9.eyJ1c2VybmFtZSI6ImRyaXZlcjI3QGdtYWlsLmNvbSIsInN1YiI6IjExN2M5NGU2LWQ3YTEtNGQyOS05MTg1LTRlYmFhZWVmZGRkZCIsInJvbGUiOiJkcml2ZXIiLCJpYXQiOjE3NjQxMjkxMjMsImV4cCI6MTc2NDEzMjcyM30.vp0XehUulp67H9CFLi1wYNgOS_ZcA2xvpIk7zHLroS0,117c94e6-d7a1-4d29-9185-4ebaaeefdddd,MOTORBIKE
driver28@gmail.com,123456,eyJhbGciOiJIUzI1NiIsInR5cCI6IkpXVCJ9.eyJ1c2VybmFtZSI6ImRyaXZlcjI4QGdtYWlsLmNvbSIsInN1YiI6IjU5ZTExNzU1LTQ2MjMtNDAwNy1hNDI4LTcxOTVjYTI4N2YyMSIsInJvbGUiOiJkcml2ZXIiLCJpYXQiOjE3NjQxMjkxMjMsImV4cCI6MTc2NDEzMjcyM30.oMmvFD8FutFC06VWfVoz0ogFnCgYiT-CGJ4MzjigxCs,59e11755-4623-4007-a428-7195ca287f21,CAR_4_SEATS
driver29@gmail.com,123456,eyJhbGciOiJIUzI1NiIsInR5cCI6IkpXVCJ9.eyJ1c2VybmFtZSI6ImRyaXZlcjI5QGdtYWlsLmNvbSIsInN1YiI6Ijk0NTYxODQyLWFjZDYtNGJhYS04MzI4LTE1M2Y5N2ZlNWIxNiIsInJvbGUiOiJkcml2ZXIiLCJpYXQiOjE3NjQxMjkxMjMsImV4cCI6MTc2NDEzMjcyM30.8we4kxZhybnjdrFRLJAXZPOl39xErIVaiT5utDbkLWU,94561842-acd6-4baa-8328-153f97fe5b16,CAR_4_SEATS
driver30@gmail.com,123456,eyJhbGciOiJIUzI1NiIsInR5cCI6IkpXVCJ9.eyJ1c2VybmFtZSI6ImRyaXZlcjMwQGdtYWlsLmNvbSIsInN1YiI6ImE4NDFmMmYzLTkyMWQtNGRlZi05MTM3LTg1NGY4OWViYzVhMiIsInJvbGUiOiJkcml2ZXIiLCJpYXQiOjE3NjQxMjkxMjMsImV4cCI6MTc2NDEzMjcyM30.wwI_0HQUuj_hC0n4MYCTHf1LOj5LeUIyM0Lj6STgYQ8,a841f2f3-921d-4def-9137-854f89ebc5a2,CAR_7_SEATS
driver31@gmail.com,123456,eyJhbGciOiJIUzI1NiIsInR5cCI6IkpXVCJ9.eyJ1c2VybmFtZSI6ImRyaXZlcjMxQGdtYWlsLmNvbSIsInN1YiI6IjEyNzgyYTg4LTkyZGQtNDhkNS1hY2I1LTZmZWY0YjlhYmI2YSIsInJvbGUiOiJkcml2ZXIiLCJpYXQiOjE3NjQxMjkxMjMsImV4cCI6MTc2NDEzMjcyM30._BQLty5qzMreC9Zi9f_5evYjWD6RdgCpaJrsL91RZwY,12782a88-92dd-48d5-acb5-6fef4b9abb6a,CAR_4_SEATS
driver32@gmail.com,123456,eyJhbGciOiJIUzI1NiIsInR5cCI6IkpXVCJ9.eyJ1c2VybmFtZSI6ImRyaXZlcjMyQGdtYWlsLmNvbSIsInN1YiI6ImQ5ODIxMGEwLTc0NDAtNDRkNy04ZjE2LWVkYWFkMGViMGY3MiIsInJvbGUiOiJkcml2ZXIiLCJpYXQiOjE3NjQxMjkxMjMsImV4cCI6MTc2NDEzMjcyM30.AHV_-xUCogtpQF-wB96-W8dIJlaCq9MuWeuBkpL3ofk,d98210a0-7440-44d7-8f16-edaad0eb0f72,MOTORBIKE
driver33@gmail.com,123456,eyJhbGciOiJIUzI1NiIsInR5cCI6IkpXVCJ9.eyJ1c2VybmFtZSI6ImRyaXZlcjMzQGdtYWlsLmNvbSIsInN1YiI6ImIyY2VkZDE4LTVmZjctNGEwYS1hYmExLTUzZDg2MjcyMDFhZSIsInJvbGUiOiJkcml2ZXIiLCJpYXQiOjE3NjQxMjkxMjMsImV4cCI6MTc2NDEzMjcyM30.urpg-igwKaf4FAmV1sMG0-ZWADDiNFrIawfETud7JBw,b2cedd18-5ff7-4a0a-aba1-53d8627201ae,MOTORBIKE
driver34@gmail.com,123456,eyJhbGciOiJIUzI1NiIsInR5cCI6IkpXVCJ9.eyJ1c2VybmFtZSI6ImRyaXZlcjM0QGdtYWlsLmNvbSIsInN1YiI6IjU5NDBiZDVlLThmYWQtNGZlMC1hZjU3LTU4Njc1YjY0MDJiZSIsInJvbGUiOiJkcml2ZXIiLCJpYXQiOjE3NjQxMjkxMjMsImV4cCI6MTc2NDEzMjcyM30.niu1KzqE2Lm9YNXc4b3Q_9yqw2_1r3t5yNkWNgHaedw,5940bd5e-8fad-4fe0-af57-58675b6402be,CAR_4_SEATS
driver35@gmail.com,123456,eyJhbGciOiJIUzI1NiIsInR5cCI6IkpXVCJ9.eyJ1c2VybmFtZSI6ImRyaXZlcjM1QGdtYWlsLmNvbSIsInN1YiI6IjA5ZmM0YWU2LTgyOTYtNGI3ZC05NTE5LTJkNDJiZDE5NjgzZiIsInJvbGUiOiJkcml2ZXIiLCJpYXQiOjE3NjQxMjkxMjMsImV4cCI6MTc2NDEzMjcyM30.ZKq_SdIxnw4eFfOMPkiCO7oWHGrztnrO91FYjx0GcKc,09fc4ae6-8296-4b7d-9519-2d42bd19683f,MOTORBIKE
driver36@gmail.com,123456,eyJhbGciOiJIUzI1NiIsInR5cCI6IkpXVCJ9.eyJ1c2VybmFtZSI6ImRyaXZlcjM2QGdtYWlsLmNvbSIsInN1YiI6IjVkZmVmNGY0LTEwZGMtNGJmZi05ZTI5LTNkYjFhNmZlYzcyMyIsInJvbGUiOiJkcml2ZXIiLCJpYXQiOjE3NjQxMjkxMjMsImV4cCI6MTc2NDEzMjcyM30.v-VXJ0ljQ0MFWaFf_jCfNTzUypG8-kQKnA3YubmWyxs,5dfef4f4-10dc-4bff-9e29-3db1a6fec723,MOTORBIKE
driver37@gmail.com,123456,eyJhbGciOiJIUzI1NiIsInR5cCI6IkpXVCJ9.eyJ1c2VybmFtZSI6ImRyaXZlcjM3QGdtYWlsLmNvbSIsInN1YiI6IjM0MjlkZmM1LTQ3YjItNDFiNC1iMTg2LWQ2MmQ2M2I4NjI3YSIsInJvbGUiOiJkcml2ZXIiLCJpYXQiOjE3NjQxMjkxMjMsImV4cCI6MTc2NDEzMjcyM30.3idRIlDQnBQPDwB9huZSRqyBudUnWdTKwjXxZLcusKI,3429dfc5-47b2-41b4-b186-d62d63b8627a,MOTORBIKE
driver38@gmail.com,123456,eyJhbGciOiJIUzI1NiIsInR5cCI6IkpXVCJ9.eyJ1c2VybmFtZSI6ImRyaXZlcjM4QGdtYWlsLmNvbSIsInN1YiI6ImU0NmIyOWYwLTUwZmYtNGNiNi1hNzZiLTAwNjg4NDI0M2YxNSIsInJvbGUiOiJkcml2ZXIiLCJpYXQiOjE3NjQxMjkxMjMsImV4cCI6MTc2NDEzMjcyM30.3iDJhZl72bzz-iKCeLlluc7wIQzzKt6b5M4j9oaXawM,e46b29f0-50ff-4cb6-a76b-006884243f15,MOTORBIKE
driver39@gmail.com,123456,eyJhbGciOiJIUzI1NiIsInR5cCI6IkpXVCJ9.eyJ1c2VybmFtZSI6ImRyaXZlcjM5QGdtYWlsLmNvbSIsInN1YiI6IjhlNWZmZWFmLTViN2EtNGZkZC04YmQ3LTNmODczOTQ1ZGJkNCIsInJvbGUiOiJkcml2ZXIiLCJpYXQiOjE3NjQxMjkxMjMsImV4cCI6MTc2NDEzMjcyM30.8d-xOf1iUlipOsjamyQ_YCQoulDmc96CLmF0SK7zQV0,8e5ffeaf-5b7a-4fdd-8bd7-3f873945dbd4,CAR_7_SEATS
driver40@gmail.com,123456,eyJhbGciOiJIUzI1NiIsInR5cCI6IkpXVCJ9.eyJ1c2VybmFtZSI6ImRyaXZlcjQwQGdtYWlsLmNvbSIsInN1YiI6ImI1ZDE3MDljLWZmNmItNGJiNS04YmQwLTQ5YjRmZjFiM2Y4ZSIsInJvbGUiOiJkcml2ZXIiLCJpYXQiOjE3NjQxMjkxMjMsImV4cCI6MTc2NDEzMjcyM30.encUMqePotB89JLoqlhlPoHbQYF0P4z84TQMK0OsEB4,b5d1709c-ff6b-4bb5-8bd0-49b4ff1b3f8e,CAR_7_SEATS
driver41@gmail.com,123456,eyJhbGciOiJIUzI1NiIsInR5cCI6IkpXVCJ9.eyJ1c2VybmFtZSI6ImRyaXZlcjQxQGdtYWlsLmNvbSIsInN1YiI6ImExNWE2OTIwLWI3OTktNGQ0OS1iYWZhLTI1OWQ2OTVkYzU2YiIsInJvbGUiOiJkcml2ZXIiLCJpYXQiOjE3NjQxMjkxMjMsImV4cCI6MTc2NDEzMjcyM30.LS-bEjX3gms97FRz0pnTIpPnWgDLC-BiQedVb2DWbno,a15a6920-b799-4d49-bafa-259d695dc56b,CAR_4_SEATS
driver42@gmail.com,123456,eyJhbGciOiJIUzI1NiIsInR5cCI6IkpXVCJ9.eyJ1c2VybmFtZSI6ImRyaXZlcjQyQGdtYWlsLmNvbSIsInN1YiI6IjVjZTI0YWE4LWQ1ZTQtNDc2OS05NDhjLWYyYzQ3MTM5OGY1ZiIsInJvbGUiOiJkcml2ZXIiLCJpYXQiOjE3NjQxMjkxMjMsImV4cCI6MTc2NDEzMjcyM30.r7vweudBa5cun60_sePETk_jdyX3kX8CZsrpI8ZCmps,5ce24aa8-d5e4-4769-948c-f2c471398f5f,MOTORBIKE
driver43@gmail.com,123456,eyJhbGciOiJIUzI1NiIsInR5cCI6IkpXVCJ9.eyJ1c2VybmFtZSI6ImRyaXZlcjQzQGdtYWlsLmNvbSIsInN1YiI6IjI5ZjRmOTViLWM5NDMtNDUxNS05NDVhLWFjM2E2NmU4M2I4NSIsInJvbGUiOiJkcml2ZXIiLCJpYXQiOjE3NjQxMjkxMjMsImV4cCI6MTc2NDEzMjcyM30.weMlaR1JBsDD69FtV6BLqN1HIRIhFmFAxuHqDh-a4GM,29f4f95b-c943-4515-945a-ac3a66e83b85,MOTORBIKE
driver44@gmail.com,123456,eyJhbGciOiJIUzI1NiIsInR5cCI6IkpXVCJ9.eyJ1c2VybmFtZSI6ImRyaXZlcjQ0QGdtYWlsLmNvbSIsInN1YiI6ImIwYzhiOTAyLTY0MjEtNGRjZC04NjJmLWI3YWVjMzE2NzFmNCIsInJvbGUiOiJkcml2ZXIiLCJpYXQiOjE3NjQxMjkxMjMsImV4cCI6MTc2NDEzMjcyM30.1V4fB35NNsiizuxOaZkQwL9sVj-8tyL0OJO9AUBV2yk,b0c8b902-6421-4dcd-862f-b7aec31671f4,MOTORBIKE
driver45@gmail.com,123456,eyJhbGciOiJIUzI1NiIsInR5cCI6IkpXVCJ9.eyJ1c2VybmFtZSI6ImRyaXZlcjQ1QGdtYWlsLmNvbSIsInN1YiI6ImEwMDBhYmZlLThiMWItNDUxOC05NjE5LTY4ZTQ0Zjc4ZDY1NyIsInJvbGUiOiJkcml2ZXIiLCJpYXQiOjE3NjQxMjkxMjMsImV4cCI6MTc2NDEzMjcyM30.LdNPrB_N8xYHa64ALO6IsfUVr0mNVWWlqIu5U7KJn_M,a000abfe-8b1b-4518-9619-68e44f78d657,CAR_7_SEATS
driver46@gmail.com,123456,eyJhbGciOiJIUzI1NiIsInR5cCI6IkpXVCJ9.eyJ1c2VybmFtZSI6ImRyaXZlcjQ2QGdtYWlsLmNvbSIsInN1YiI6ImYyOTY0NjczLWNjMzMtNDk0OC1hN2E3LTc3MGNhZGQyYjUwMyIsInJvbGUiOiJkcml2ZXIiLCJpYXQiOjE3NjQxMjkxMjMsImV4cCI6MTc2NDEzMjcyM30._mVCWLw95MOjQybgxitD-qmYd4JjRGtNUHjsTdgUCFo,f2964673-cc33-4948-a7a7-770cadd2b503,MOTORBIKE
driver47@gmail.com,123456,eyJhbGciOiJIUzI1NiIsInR5cCI6IkpXVCJ9.eyJ1c2VybmFtZSI6ImRyaXZlcjQ3QGdtYWlsLmNvbSIsInN1YiI6ImFjODQyNDQ0LTUxZGItNGE3Zi1hOTdhLTcyMTM1ZGYyMjdlNyIsInJvbGUiOiJkcml2ZXIiLCJpYXQiOjE3NjQxMjkxMjMsImV4cCI6MTc2NDEzMjcyM30.d9dYb4LMW0TCqSHbX9a9GjVC6rb1ikSRWvBPoNEHzbA,ac842444-51db-4a7f-a97a-72135df227e7,CAR_7_SEATS
driver48@gmail.com,123456,eyJhbGciOiJIUzI1NiIsInR5cCI6IkpXVCJ9.eyJ1c2VybmFtZSI6ImRyaXZlcjQ4QGdtYWlsLmNvbSIsInN1YiI6IjkzZWY3ZTM4LTUyMDgtNDdhYy04OWNmLTAxNzg5ZGI4NWFlNiIsInJvbGUiOiJkcml2ZXIiLCJpYXQiOjE3NjQxMjkxMjMsImV4cCI6MTc2NDEzMjcyM30.V2tbUE_qsyU80QxNLBMcFrVgQ-tu0c3LhNBsbVNkKUk,93ef7e38-5208-47ac-89cf-01789db85ae6,CAR_7_SEATS
driver49@gmail.com,123456,eyJhbGciOiJIUzI1NiIsInR5cCI6IkpXVCJ9.eyJ1c2VybmFtZSI6ImRyaXZlcjQ5QGdtYWlsLmNvbSIsInN1YiI6ImJkYjI3ZmMxLTU1NGYtNDVkZi04ODkyLTE5MmRjZWNmZGEzNyIsInJvbGUiOiJkcml2ZXIiLCJpYXQiOjE3NjQxMjkxMjMsImV4cCI6MTc2NDEzMjcyM30.msMTraAegpxdrOuDGG6YFKWwFiK1PTxnExD1n0t6SAM,bdb27fc1-554f-45df-8892-192dcecfda37,CAR_7_SEATS
driver50@gmail.com,123456,eyJhbGciOiJIUzI1NiIsInR5cCI6IkpXVCJ9.eyJ1c2VybmFtZSI6ImRyaXZlcjUwQGdtYWlsLmNvbSIsInN1YiI6IjU2Y2EzYzRjLTc0OWUtNDJmNy04MjM5LThkOWVhMmZkMTZlZCIsInJvbGUiOiJkcml2ZXIiLCJpYXQiOjE3NjQxMjkxMjMsImV4cCI6MTc2NDEzMjcyM30.9tnJCK_6t66OJ-t0PGyqLeQX8KEdWQB-ubr-Nv8NdSw,56ca3c4c-749e-42f7-8239-8d9ea2fd16ed,MOTORBIKE
driver51@gmail.com,123456,eyJhbGciOiJIUzI1NiIsInR5cCI6IkpXVCJ9.eyJ1c2VybmFtZSI6ImRyaXZlcjUxQGdtYWlsLmNvbSIsInN1YiI6ImYwNDJhM2YxLWY5ZGYtNGM0MS1iMjZlLTk2Zjk1MWExMzU3OCIsInJvbGUiOiJkcml2ZXIiLCJpYXQiOjE3NjQxMjkxMjMsImV4cCI6MTc2NDEzMjcyM30.lHsTEPSzHZctw9fn1yllO7hdLbCurQZrd3jLWG2fIeE,f042a3f1-f9df-4c41-b26e-96f951a13578,MOTORBIKE
driver52@gmail.com,123456,eyJhbGciOiJIUzI1NiIsInR5cCI6IkpXVCJ9.eyJ1c2VybmFtZSI6ImRyaXZlcjUyQGdtYWlsLmNvbSIsInN1YiI6Ijg0NTZjMTMwLWIyZjAtNDZkYy05Y2M1LWZkYjI3ZTg4MDBhZiIsInJvbGUiOiJkcml2ZXIiLCJpYXQiOjE3NjQxMjkxMjMsImV4cCI6MTc2NDEzMjcyM30.-GqQEXzBa2tJeIf_zPvv3Vvt6bgI6FVQp-8-iOiUjE8,8456c130-b2f0-46dc-9cc5-fdb27e8800af,MOTORBIKE
driver53@gmail.com,123456,eyJhbGciOiJIUzI1NiIsInR5cCI6IkpXVCJ9.eyJ1c2VybmFtZSI6ImRyaXZlcjUzQGdtYWlsLmNvbSIsInN1YiI6IjY2MDJkMWJhLWY3YTItNGJlZC1hOTU0LTMzODI5NGI3ODlmZCIsInJvbGUiOiJkcml2ZXIiLCJpYXQiOjE3NjQxMjkxMjMsImV4cCI6MTc2NDEzMjcyM30.OUgQr1pdmLBOI-fr2gpaZLM7oC_bo3GnzhZhNivmGCk,6602d1ba-f7a2-4bed-a954-338294b789fd,CAR_7_SEATS
driver54@gmail.com,123456,eyJhbGciOiJIUzI1NiIsInR5cCI6IkpXVCJ9.eyJ1c2VybmFtZSI6ImRyaXZlcjU0QGdtYWlsLmNvbSIsInN1YiI6ImRkYzczNTkzLTEyOTYtNDJkNy04NDczLTU0NGM5OTZkNGEwMiIsInJvbGUiOiJkcml2ZXIiLCJpYXQiOjE3NjQxMjkxMjMsImV4cCI6MTc2NDEzMjcyM30.9s_3nUkT5rfPAf0mE5Cwfnm3kyOt48xLTHixUqzJZXw,ddc73593-1296-42d7-8473-544c996d4a02,CAR_7_SEATS
driver55@gmail.com,123456,eyJhbGciOiJIUzI1NiIsInR5cCI6IkpXVCJ9.eyJ1c2VybmFtZSI6ImRyaXZlcjU1QGdtYWlsLmNvbSIsInN1YiI6ImVkNzc0ZjA3LTIyYzgtNGJlMy1iYzNmLTU2NTBiNzZkOGIzYyIsInJvbGUiOiJkcml2ZXIiLCJpYXQiOjE3NjQxMjkxMjMsImV4cCI6MTc2NDEzMjcyM30.UmAajpqCu01bs1MlBJWZPapxcx7a2AZxQknigRXYk84,ed774f07-22c8-4be3-bc3f-5650b76d8b3c,MOTORBIKE
driver56@gmail.com,123456,eyJhbGciOiJIUzI1NiIsInR5cCI6IkpXVCJ9.eyJ1c2VybmFtZSI6ImRyaXZlcjU2QGdtYWlsLmNvbSIsInN1YiI6IjAwNzQ5YzdlLTYzN2UtNDQzNS05MzJjLTJmMTJmNjcyYzRiYyIsInJvbGUiOiJkcml2ZXIiLCJpYXQiOjE3NjQxMjkxMjMsImV4cCI6MTc2NDEzMjcyM30.h4APj3L6cBP-_bqFZMEUDnMwMfs0KnHnI_sL8FOrag8,00749c7e-637e-4435-932c-2f12f672c4bc,CAR_7_SEATS
driver57@gmail.com,123456,eyJhbGciOiJIUzI1NiIsInR5cCI6IkpXVCJ9.eyJ1c2VybmFtZSI6ImRyaXZlcjU3QGdtYWlsLmNvbSIsInN1YiI6Ijk2YmY1YzU0LWRiZTMtNGNiYi1iZDk3LTZhYWQ1ZTQ5ZGM2NSIsInJvbGUiOiJkcml2ZXIiLCJpYXQiOjE3NjQxMjkxMjMsImV4cCI6MTc2NDEzMjcyM30.TV2HTY2IiMI0Ud7_rHRAVYegA0iDyGn91S4Doi3Ke6w,96bf5c54-dbe3-4cbb-bd97-6aad5e49dc65,MOTORBIKE
driver58@gmail.com,123456,eyJhbGciOiJIUzI1NiIsInR5cCI6IkpXVCJ9.eyJ1c2VybmFtZSI6ImRyaXZlcjU4QGdtYWlsLmNvbSIsInN1YiI6ImU3MWNmMDllLTgwM2EtNGYzMi04NDQ4LTY1MjE4ZDM3YzFhNiIsInJvbGUiOiJkcml2ZXIiLCJpYXQiOjE3NjQxMjkxMjMsImV4cCI6MTc2NDEzMjcyM30.BfuFPUiM8jFBdF-SLZKS_FIId7ywJTgBGzIjs8QMV7E,e71cf09e-803a-4f32-8448-65218d37c1a6,MOTORBIKE
driver59@gmail.com,123456,eyJhbGciOiJIUzI1NiIsInR5cCI6IkpXVCJ9.eyJ1c2VybmFtZSI6ImRyaXZlcjU5QGdtYWlsLmNvbSIsInN1YiI6IjEyZmNlOWNjLWFkNjktNDYwYi1iOGRmLTY5NTBmNGJjMmVmNiIsInJvbGUiOiJkcml2ZXIiLCJpYXQiOjE3NjQxMjkxMjMsImV4cCI6MTc2NDEzMjcyM30.Hq9Fgix1Q22EXI7oik5zY_qqRpIz7sfpUHFotoqyHCc,12fce9cc-ad69-460b-b8df-6950f4bc2ef6,MOTORBIKE
driver60@gmail.com,123456,eyJhbGciOiJIUzI1NiIsInR5cCI6IkpXVCJ9.eyJ1c2VybmFtZSI6ImRyaXZlcjYwQGdtYWlsLmNvbSIsInN1YiI6IjMxMTYzNDg0LTI2YjctNDk2Yy04MTVmLWE0NDlhODE4YzIyMSIsInJvbGUiOiJkcml2ZXIiLCJpYXQiOjE3NjQxMjkxMjMsImV4cCI6MTc2NDEzMjcyM30.fyEtcizYt3pENdKsGHS-sepMCsJHWHOT7F6_ut2Dmbk,31163484-26b7-496c-815f-a449a818c221,CAR_7_SEATS
driver61@gmail.com,123456,eyJhbGciOiJIUzI1NiIsInR5cCI6IkpXVCJ9.eyJ1c2VybmFtZSI6ImRyaXZlcjYxQGdtYWlsLmNvbSIsInN1YiI6ImRjZjhkODg5LWYzZTEtNDc3Zi1hZTk5LTEwOTkyZGNjMWQ5NSIsInJvbGUiOiJkcml2ZXIiLCJpYXQiOjE3NjQxMjkxMjMsImV4cCI6MTc2NDEzMjcyM30.d0UElnA1g8_vANmgYhec7eLMZcqXkwkfknYeTr2WD6E,dcf8d889-f3e1-477f-ae99-10992dcc1d95,MOTORBIKE
driver62@gmail.com,123456,eyJhbGciOiJIUzI1NiIsInR5cCI6IkpXVCJ9.eyJ1c2VybmFtZSI6ImRyaXZlcjYyQGdtYWlsLmNvbSIsInN1YiI6IjhmNzVlOTUyLWVkYzAtNDU5ZC1iNzlmLTMyNDc0ODZjOTM4ZiIsInJvbGUiOiJkcml2ZXIiLCJpYXQiOjE3NjQxMjkxMjMsImV4cCI6MTc2NDEzMjcyM30.bOIzujKcL7fa5nBNoBugMmrU7Ni3jr3CwuqN0xJbDYo,8f75e952-edc0-459d-b79f-3247486c938f,MOTORBIKE
driver63@gmail.com,123456,eyJhbGciOiJIUzI1NiIsInR5cCI6IkpXVCJ9.eyJ1c2VybmFtZSI6ImRyaXZlcjYzQGdtYWlsLmNvbSIsInN1YiI6IjkyOGYwZjk5LWYzN2MtNGJiOC05M2U4LTY3ZDlkMDljYTFkMiIsInJvbGUiOiJkcml2ZXIiLCJpYXQiOjE3NjQxMjkxMjMsImV4cCI6MTc2NDEzMjcyM30.eHemCL1m5dzIy4jBnd03le-sDd_8zz99ZynApjbAXLA,928f0f99-f37c-4bb8-93e8-67d9d09ca1d2,MOTORBIKE
driver64@gmail.com,123456,eyJhbGciOiJIUzI1NiIsInR5cCI6IkpXVCJ9.eyJ1c2VybmFtZSI6ImRyaXZlcjY0QGdtYWlsLmNvbSIsInN1YiI6ImU1NDVhNzk2LWY4NGEtNDZmMy1hYzkyLTg5MmVmYmVkYmZlNCIsInJvbGUiOiJkcml2ZXIiLCJpYXQiOjE3NjQxMjkxMjMsImV4cCI6MTc2NDEzMjcyM30.FpUgB12bJdzO699-Nup46-V7ql8hddIu2UbmcCeyQ-U,e545a796-f84a-46f3-ac92-892efbedbfe4,CAR_7_SEATS
driver65@gmail.com,123456,eyJhbGciOiJIUzI1NiIsInR5cCI6IkpXVCJ9.eyJ1c2VybmFtZSI6ImRyaXZlcjY1QGdtYWlsLmNvbSIsInN1YiI6IjI3ZDE0N2JlLTNlMTYtNGM2MC05ZDYwLTI1NWM1NjM2MTMwNCIsInJvbGUiOiJkcml2ZXIiLCJpYXQiOjE3NjQxMjkxMjMsImV4cCI6MTc2NDEzMjcyM30.oktXmH1rGu5d2aIXjD2XUZKU83ojWp6stqFOOrRL9qc,27d147be-3e16-4c60-9d60-255c56361304,CAR_4_SEATS
driver66@gmail.com,123456,eyJhbGciOiJIUzI1NiIsInR5cCI6IkpXVCJ9.eyJ1c2VybmFtZSI6ImRyaXZlcjY2QGdtYWlsLmNvbSIsInN1YiI6IjY2OTQ0YjNlLWZkYmMtNDVjZS04N2JhLWRjMWIzYTYwMjNlMyIsInJvbGUiOiJkcml2ZXIiLCJpYXQiOjE3NjQxMjkxMjMsImV4cCI6MTc2NDEzMjcyM30.p4gLLo6j2OoNTCEWN2ddqjSm5C4Xg2grB_S5IsxCfA8,66944b3e-fdbc-45ce-87ba-dc1b3a6023e3,MOTORBIKE
driver67@gmail.com,123456,eyJhbGciOiJIUzI1NiIsInR5cCI6IkpXVCJ9.eyJ1c2VybmFtZSI6ImRyaXZlcjY3QGdtYWlsLmNvbSIsInN1YiI6IjFkNWM5MTQwLWM3ZGYtNDU3NC05MWRiLWY0OWRlNzcyNTFlMCIsInJvbGUiOiJkcml2ZXIiLCJpYXQiOjE3NjQxMjkxMjMsImV4cCI6MTc2NDEzMjcyM30.yFiemv3i7HkYXGnvV0kiuzB9fYqo1cWPK3jHQ6VvOv0,1d5c9140-c7df-4574-91db-f49de77251e0,CAR_7_SEATS
driver68@gmail.com,123456,eyJhbGciOiJIUzI1NiIsInR5cCI6IkpXVCJ9.eyJ1c2VybmFtZSI6ImRyaXZlcjY4QGdtYWlsLmNvbSIsInN1YiI6IjFmYmVkY2Q0LTFiZWMtNDExZi05OTBjLWM4YzZjZDgzZjI5MyIsInJvbGUiOiJkcml2ZXIiLCJpYXQiOjE3NjQxMjkxMjQsImV4cCI6MTc2NDEzMjcyNH0.k4C7lD5wlfk_qIhg5jqwhgmHRCm7GSPOsNpFXCeV6fM,1fbedcd4-1bec-411f-990c-c8c6cd83f293,CAR_7_SEATS
driver69@gmail.com,123456,eyJhbGciOiJIUzI1NiIsInR5cCI6IkpXVCJ9.eyJ1c2VybmFtZSI6ImRyaXZlcjY5QGdtYWlsLmNvbSIsInN1YiI6ImI3MThhOTEzLTgxNjctNGZhZi05Mzc0LWIxMDBkZWUxZGNmMyIsInJvbGUiOiJkcml2ZXIiLCJpYXQiOjE3NjQxMjkxMjQsImV4cCI6MTc2NDEzMjcyNH0.xBcyKvooYl8OPzI5J7LEUaoN5CpsrJ2jyDEMn-37E6U,b718a913-8167-4faf-9374-b100dee1dcf3,MOTORBIKE
driver70@gmail.com,123456,eyJhbGciOiJIUzI1NiIsInR5cCI6IkpXVCJ9.eyJ1c2VybmFtZSI6ImRyaXZlcjcwQGdtYWlsLmNvbSIsInN1YiI6IjY3OGI2NjhlLTdhMWUtNGUxOC1iNjA4LThmYTgzNTI4OTIyMiIsInJvbGUiOiJkcml2ZXIiLCJpYXQiOjE3NjQxMjkxMjQsImV4cCI6MTc2NDEzMjcyNH0.xIj5bIUsADUfSFM8pB6fnRTDKD04mDAjPWNpa3E8l-E,678b668e-7a1e-4e18-b608-8fa835289222,CAR_4_SEATS
driver71@gmail.com,123456,eyJhbGciOiJIUzI1NiIsInR5cCI6IkpXVCJ9.eyJ1c2VybmFtZSI6ImRyaXZlcjcxQGdtYWlsLmNvbSIsInN1YiI6IjFmOGUxMzA4LWE2YzktNGNmMy1hOWM1LTllZGE2Y2Q1Zjc5OCIsInJvbGUiOiJkcml2ZXIiLCJpYXQiOjE3NjQxMjkxMjQsImV4cCI6MTc2NDEzMjcyNH0.Rizv6RPoI9EReMUMcYzSXe30oayfDYlyGrQsGfCRRtI,1f8e1308-a6c9-4cf3-a9c5-9eda6cd5f798,CAR_7_SEATS
driver72@gmail.com,123456,eyJhbGciOiJIUzI1NiIsInR5cCI6IkpXVCJ9.eyJ1c2VybmFtZSI6ImRyaXZlcjcyQGdtYWlsLmNvbSIsInN1YiI6ImMxMDIxN2I0LTkwMDgtNDJhZC1hNTI4LTE0NWQyOTRmNjE0MiIsInJvbGUiOiJkcml2ZXIiLCJpYXQiOjE3NjQxMjkxMjQsImV4cCI6MTc2NDEzMjcyNH0._E2DTH0Hb6pOebti5QJn2J19bf8vtE3VacHpplSMbmw,c10217b4-9008-42ad-a528-145d294f6142,CAR_7_SEATS
driver73@gmail.com,123456,eyJhbGciOiJIUzI1NiIsInR5cCI6IkpXVCJ9.eyJ1c2VybmFtZSI6ImRyaXZlcjczQGdtYWlsLmNvbSIsInN1YiI6ImZhZDJhMmQ1LTI0MmQtNDhkMi1hMjM3LWFhZWE0ZDAxOThmYSIsInJvbGUiOiJkcml2ZXIiLCJpYXQiOjE3NjQxMjkxMjQsImV4cCI6MTc2NDEzMjcyNH0.QEGovdTOFp_zdkI9c4vcCLvaMn12czYHAk2jw8Bg_FQ,fad2a2d5-242d-48d2-a237-aaea4d0198fa,CAR_4_SEATS
driver74@gmail.com,123456,eyJhbGciOiJIUzI1NiIsInR5cCI6IkpXVCJ9.eyJ1c2VybmFtZSI6ImRyaXZlcjc0QGdtYWlsLmNvbSIsInN1YiI6IjhjYzI3NWY3LWZjN2EtNDY4Yy04ODE0LTkzOWIwYTRiNjY3MiIsInJvbGUiOiJkcml2ZXIiLCJpYXQiOjE3NjQxMjkxMjQsImV4cCI6MTc2NDEzMjcyNH0.qndqTq0DZtDSOqAw4iPEvz8cy_Vn4Lh4HBxtIE1QX7M,8cc275f7-fc7a-468c-8814-939b0a4b6672,CAR_7_SEATS
driver75@gmail.com,123456,eyJhbGciOiJIUzI1NiIsInR5cCI6IkpXVCJ9.eyJ1c2VybmFtZSI6ImRyaXZlcjc1QGdtYWlsLmNvbSIsInN1YiI6IjFjNWJhZjI3LTRkNzYtNGJiNi1iMDAwLWZiNmNiNWNiZDZhYSIsInJvbGUiOiJkcml2ZXIiLCJpYXQiOjE3NjQxMjkxMjQsImV4cCI6MTc2NDEzMjcyNH0.e_BW6X32g-tC_gjJGmSDwc99NUmhYrEz-6QwDxpGwDU,1c5baf27-4d76-4bb6-b000-fb6cb5cbd6aa,MOTORBIKE
driver76@gmail.com,123456,eyJhbGciOiJIUzI1NiIsInR5cCI6IkpXVCJ9.eyJ1c2VybmFtZSI6ImRyaXZlcjc2QGdtYWlsLmNvbSIsInN1YiI6IjEyMmJlYjJhLWFmY2MtNGZlZS1iZWY2LWNkZmFhNDhhMjRlYiIsInJvbGUiOiJkcml2ZXIiLCJpYXQiOjE3NjQxMjkxMjQsImV4cCI6MTc2NDEzMjcyNH0.5RMxd_x55WBVEh8E3-17DWkdRmORPqzyx6zN_6rfCWg,122beb2a-afcc-4fee-bef6-cdfaa48a24eb,MOTORBIKE
driver77@gmail.com,123456,eyJhbGciOiJIUzI1NiIsInR5cCI6IkpXVCJ9.eyJ1c2VybmFtZSI6ImRyaXZlcjc3QGdtYWlsLmNvbSIsInN1YiI6IjkwZTI5ZmM1LTk4NGUtNGZmMC04ODFlLTVhMjkwMGQzZjAzMyIsInJvbGUiOiJkcml2ZXIiLCJpYXQiOjE3NjQxMjkxMjQsImV4cCI6MTc2NDEzMjcyNH0.hHo4piu-Zb1g2mUunyeZ7BzyJ4UpD8eAJfL2msWk9bY,90e29fc5-984e-4ff0-881e-5a2900d3f033,MOTORBIKE
driver78@gmail.com,123456,eyJhbGciOiJIUzI1NiIsInR5cCI6IkpXVCJ9.eyJ1c2VybmFtZSI6ImRyaXZlcjc4QGdtYWlsLmNvbSIsInN1YiI6ImRiNzI2NzY5LTc1ZWYtNGI3Yy04MTc2LTNmMmJmOTFhYzMzNCIsInJvbGUiOiJkcml2ZXIiLCJpYXQiOjE3NjQxMjkxMjQsImV4cCI6MTc2NDEzMjcyNH0.c3F3cvrLwRbRkgkI5sZmRJJcy0tcOSjkWPWdtRYO1OA,db726769-75ef-4b7c-8176-3f2bf91ac334,CAR_7_SEATS
driver79@gmail.com,123456,eyJhbGciOiJIUzI1NiIsInR5cCI6IkpXVCJ9.eyJ1c2VybmFtZSI6ImRyaXZlcjc5QGdtYWlsLmNvbSIsInN1YiI6IjY0ZTA5M2Q1LWJlNWEtNDNiMy04ZTFkLWU1ZDU2ZDE4NDY4ZSIsInJvbGUiOiJkcml2ZXIiLCJpYXQiOjE3NjQxMjkxMjQsImV4cCI6MTc2NDEzMjcyNH0.90DUfLPNU2MflrHYYrIYVNuzEit2vDpLbgCAvDM1I7o,64e093d5-be5a-43b3-8e1d-e5d56d18468e,CAR_7_SEATS
driver80@gmail.com,123456,eyJhbGciOiJIUzI1NiIsInR5cCI6IkpXVCJ9.eyJ1c2VybmFtZSI6ImRyaXZlcjgwQGdtYWlsLmNvbSIsInN1YiI6IjlhMjQ4N2I4LTM3ODktNDQ1Zi04MjljLTVhNmY0MTE0ZWVhZCIsInJvbGUiOiJkcml2ZXIiLCJpYXQiOjE3NjQxMjkxMjQsImV4cCI6MTc2NDEzMjcyNH0.hfwjDNdiEUBtFO7fXRbzpNAwsO4cdgC6ARJU2e01jvo,9a2487b8-3789-445f-829c-5a6f4114eead,MOTORBIKE
driver81@gmail.com,123456,eyJhbGciOiJIUzI1NiIsInR5cCI6IkpXVCJ9.eyJ1c2VybmFtZSI6ImRyaXZlcjgxQGdtYWlsLmNvbSIsInN1YiI6IjFmMjY1ZjhkLTg2YmUtNDc3OS1iZTBmLWJmNzkzYmVmYzhjOCIsInJvbGUiOiJkcml2ZXIiLCJpYXQiOjE3NjQxMjkxMjQsImV4cCI6MTc2NDEzMjcyNH0.O0y0nDp-Kkr75hfoXwS1KJ2iKR6OpL9s6bsUuH6E51k,1f265f8d-86be-4779-be0f-bf793befc8c8,MOTORBIKE
driver82@gmail.com,123456,eyJhbGciOiJIUzI1NiIsInR5cCI6IkpXVCJ9.eyJ1c2VybmFtZSI6ImRyaXZlcjgyQGdtYWlsLmNvbSIsInN1YiI6ImNmMjQxNDAxLTI5NWUtNDE4ZS1iZDliLTdkNzAyMDljNDBmOCIsInJvbGUiOiJkcml2ZXIiLCJpYXQiOjE3NjQxMjkxMjQsImV4cCI6MTc2NDEzMjcyNH0.e28yDIHNIB2Pw3ysHAD87QOtYOJaFjbo4AuHciMXnKI,cf241401-295e-418e-bd9b-7d70209c40f8,MOTORBIKE
driver83@gmail.com,123456,eyJhbGciOiJIUzI1NiIsInR5cCI6IkpXVCJ9.eyJ1c2VybmFtZSI6ImRyaXZlcjgzQGdtYWlsLmNvbSIsInN1YiI6ImZhNzE4NmE4LWYzNDctNGMyMy05Y2Q5LTYxNTA2NTg3MTFlYSIsInJvbGUiOiJkcml2ZXIiLCJpYXQiOjE3NjQxMjkxMjQsImV4cCI6MTc2NDEzMjcyNH0.0wi_7kEO9lbaerwXBV5qS0KY4jEEFNh1HzjYUVMmEIs,fa7186a8-f347-4c23-9cd9-6150658711ea,MOTORBIKE
driver84@gmail.com,123456,eyJhbGciOiJIUzI1NiIsInR5cCI6IkpXVCJ9.eyJ1c2VybmFtZSI6ImRyaXZlcjg0QGdtYWlsLmNvbSIsInN1YiI6IjE1OTZkNWRhLWU1MzctNDg5Mi04YjhkLTFmYWFlMWE4ZGNmZCIsInJvbGUiOiJkcml2ZXIiLCJpYXQiOjE3NjQxMjkxMjQsImV4cCI6MTc2NDEzMjcyNH0.s2kHgWFtaoJC78gEJcoWIjD_5GEJMS_72tcSlasei_U,1596d5da-e537-4892-8b8d-1faae1a8dcfd,MOTORBIKE
driver85@gmail.com,123456,eyJhbGciOiJIUzI1NiIsInR5cCI6IkpXVCJ9.eyJ1c2VybmFtZSI6ImRyaXZlcjg1QGdtYWlsLmNvbSIsInN1YiI6ImYzODE4NmMyLWM2OWYtNDAwNi1iOGJlLWYxZmNmMTM3Y2U1NCIsInJvbGUiOiJkcml2ZXIiLCJpYXQiOjE3NjQxMjkxMjQsImV4cCI6MTc2NDEzMjcyNH0.Sl4LaJ_Mt6TnQhGlNWwCudJ0zAO6LKK2PY-obvLKYoE,f38186c2-c69f-4006-b8be-f1fcf137ce54,MOTORBIKE
driver86@gmail.com,123456,eyJhbGciOiJIUzI1NiIsInR5cCI6IkpXVCJ9.eyJ1c2VybmFtZSI6ImRyaXZlcjg2QGdtYWlsLmNvbSIsInN1YiI6IjZiNDE1MzI2LTE1YzUtNDdhZS04OTE0LTAwMDU1ODBlOWM4NSIsInJvbGUiOiJkcml2ZXIiLCJpYXQiOjE3NjQxMjkxMjQsImV4cCI6MTc2NDEzMjcyNH0.9skUT4AFFUWD91SzkSJwUEE4uwX52PzT0EjPyI2PJJo,6b415326-15c5-47ae-8914-0005580e9c85,CAR_4_SEATS
driver87@gmail.com,123456,eyJhbGciOiJIUzI1NiIsInR5cCI6IkpXVCJ9.eyJ1c2VybmFtZSI6ImRyaXZlcjg3QGdtYWlsLmNvbSIsInN1YiI6Ijc2M2MzMjliLWE5MWYtNDM4MS1hMTNkLTRhY2FlN2JlN2FjOSIsInJvbGUiOiJkcml2ZXIiLCJpYXQiOjE3NjQxMjkxMjQsImV4cCI6MTc2NDEzMjcyNH0.YbqJc9IkHTSJ23jSOny8RqXZeQslxVukWG-M24Ie32g,763c329b-a91f-4381-a13d-4acae7be7ac9,MOTORBIKE
driver88@gmail.com,123456,eyJhbGciOiJIUzI1NiIsInR5cCI6IkpXVCJ9.eyJ1c2VybmFtZSI6ImRyaXZlcjg4QGdtYWlsLmNvbSIsInN1YiI6IjI5NDlkODBmLTFlMzktNDQ2YS05NjZkLTAyMzliYWZjMDQ1NCIsInJvbGUiOiJkcml2ZXIiLCJpYXQiOjE3NjQxMjkxMjQsImV4cCI6MTc2NDEzMjcyNH0.r4e9o4zu-uYoRnJjR1qw9GWTRK2hRp2HqJsyQG2WY2E,2949d80f-1e39-446a-966d-0239bafc0454,CAR_7_SEATS
driver89@gmail.com,123456,eyJhbGciOiJIUzI1NiIsInR5cCI6IkpXVCJ9.eyJ1c2VybmFtZSI6ImRyaXZlcjg5QGdtYWlsLmNvbSIsInN1YiI6ImJjYmRkMWE0LThhZTUtNDdlNS04ZGQ2LWIzNDg0ZjljNjY3YyIsInJvbGUiOiJkcml2ZXIiLCJpYXQiOjE3NjQxMjkxMjQsImV4cCI6MTc2NDEzMjcyNH0.ei9IxLl-NqOYVkTZlTW6dlyGzd1rnDS2VFpOfA2boZg,bcbdd1a4-8ae5-47e5-8dd6-b3484f9c667c,MOTORBIKE
driver90@gmail.com,123456,eyJhbGciOiJIUzI1NiIsInR5cCI6IkpXVCJ9.eyJ1c2VybmFtZSI6ImRyaXZlcjkwQGdtYWlsLmNvbSIsInN1YiI6ImYzMGM2NGQ3LTM4NzQtNDAzMS1hY2YzLTZhM2RlNTQ4NjU3OSIsInJvbGUiOiJkcml2ZXIiLCJpYXQiOjE3NjQxMjkxMjQsImV4cCI6MTc2NDEzMjcyNH0.o2ipBxavZdfCIKXN0YL71rPlrehH5y4KW4MuFEhPOj0,f30c64d7-3874-4031-acf3-6a3de5486579,CAR_7_SEATS
driver91@gmail.com,123456,eyJhbGciOiJIUzI1NiIsInR5cCI6IkpXVCJ9.eyJ1c2VybmFtZSI6ImRyaXZlcjkxQGdtYWlsLmNvbSIsInN1YiI6IjcxN2Q1ZDcyLTAwZTEtNGViNi04ZmZhLTcyM2YyYjhlMjdiNSIsInJvbGUiOiJkcml2ZXIiLCJpYXQiOjE3NjQxMjkxMjQsImV4cCI6MTc2NDEzMjcyNH0.CyM53xEZOslbk3znfmw3wzBQgG8kMLWBIbSjlzv5uww,717d5d72-00e1-4eb6-8ffa-723f2b8e27b5,MOTORBIKE
driver92@gmail.com,123456,eyJhbGciOiJIUzI1NiIsInR5cCI6IkpXVCJ9.eyJ1c2VybmFtZSI6ImRyaXZlcjkyQGdtYWlsLmNvbSIsInN1YiI6ImJjZTE2YzAzLWY5MWYtNDMxMy05MTQ2LTNiOGVkZTk2ZjI3YyIsInJvbGUiOiJkcml2ZXIiLCJpYXQiOjE3NjQxMjkxMjQsImV4cCI6MTc2NDEzMjcyNH0.j0i96h9knaUpjTtttkoJyqzIf6vsp6oWyTD7VN3awiw,bce16c03-f91f-4313-9146-3b8ede96f27c,CAR_4_SEATS
driver93@gmail.com,123456,eyJhbGciOiJIUzI1NiIsInR5cCI6IkpXVCJ9.eyJ1c2VybmFtZSI6ImRyaXZlcjkzQGdtYWlsLmNvbSIsInN1YiI6ImI0NDJlZTYyLTJlYjgtNDMyZC1hOThlLTFhNjg0YjgxZDRhNyIsInJvbGUiOiJkcml2ZXIiLCJpYXQiOjE3NjQxMjkxMjQsImV4cCI6MTc2NDEzMjcyNH0.-r6BP_b-Dhe2y4_hoTytJkMPAQRfjlGwuLp603BGovc,b442ee62-2eb8-432d-a98e-1a684b81d4a7,MOTORBIKE
driver94@gmail.com,123456,eyJhbGciOiJIUzI1NiIsInR5cCI6IkpXVCJ9.eyJ1c2VybmFtZSI6ImRyaXZlcjk0QGdtYWlsLmNvbSIsInN1YiI6ImY4NTQ5NjkzLTY5YTQtNDFmZS05NDNmLTIyZmJjZDExNThmNCIsInJvbGUiOiJkcml2ZXIiLCJpYXQiOjE3NjQxMjkxMjQsImV4cCI6MTc2NDEzMjcyNH0.prBglz0f9UASaiEUa_JMkp6mP8XLppts8VToC_IoUoA,f8549693-69a4-41fe-943f-22fbcd1158f4,CAR_7_SEATS
driver95@gmail.com,123456,eyJhbGciOiJIUzI1NiIsInR5cCI6IkpXVCJ9.eyJ1c2VybmFtZSI6ImRyaXZlcjk1QGdtYWlsLmNvbSIsInN1YiI6IjAxMjJkYjUyLTFmMDItNDgwZS1hY2IyLTE3MGRmZWMzMWVmZCIsInJvbGUiOiJkcml2ZXIiLCJpYXQiOjE3NjQxMjkxMjQsImV4cCI6MTc2NDEzMjcyNH0.xvLnfvf_m1trjH9e6yOMxQNC7aG-j5vflK_y14qAetQ,0122db52-1f02-480e-acb2-170dfec31efd,MOTORBIKE
driver96@gmail.com,123456,eyJhbGciOiJIUzI1NiIsInR5cCI6IkpXVCJ9.eyJ1c2VybmFtZSI6ImRyaXZlcjk2QGdtYWlsLmNvbSIsInN1YiI6IjY1Y2UxYzUwLWM5YTMtNGU1My1hZDIxLWY0ZWI2NjhiOTdjYyIsInJvbGUiOiJkcml2ZXIiLCJpYXQiOjE3NjQxMjkxMjQsImV4cCI6MTc2NDEzMjcyNH0.qv2FGK85ScdNgox4YSIbCCpD7UpoA9irkUW1LQp1wKQ,65ce1c50-c9a3-4e53-ad21-f4eb668b97cc,MOTORBIKE
driver97@gmail.com,123456,eyJhbGciOiJIUzI1NiIsInR5cCI6IkpXVCJ9.eyJ1c2VybmFtZSI6ImRyaXZlcjk3QGdtYWlsLmNvbSIsInN1YiI6IjgxZWQyMjk0LTliYzAtNDlkZC04YjNkLTA0OTcwYTUzYjI0MyIsInJvbGUiOiJkcml2ZXIiLCJpYXQiOjE3NjQxMjkxMjQsImV4cCI6MTc2NDEzMjcyNH0.GzEerNvFtVGJ7S6_G5Wl7Bf-e228Ssd8SBgHyvTQi-4,81ed2294-9bc0-49dd-8b3d-04970a53b243,CAR_4_SEATS
driver98@gmail.com,123456,eyJhbGciOiJIUzI1NiIsInR5cCI6IkpXVCJ9.eyJ1c2VybmFtZSI6ImRyaXZlcjk4QGdtYWlsLmNvbSIsInN1YiI6ImExOGE4ODhiLTFiOGUtNDRlYy04M2NjLTEzNmQ2OWMyYTE5ZCIsInJvbGUiOiJkcml2ZXIiLCJpYXQiOjE3NjQxMjkxMjQsImV4cCI6MTc2NDEzMjcyNH0._p5FkrAma9Ngxb-DG8wpHZVIVpI1CXFKREjX_N03WoQ,a18a888b-1b8e-44ec-83cc-136d69c2a19d,CAR_4_SEATS
driver99@gmail.com,123456,eyJhbGciOiJIUzI1NiIsInR5cCI6IkpXVCJ9.eyJ1c2VybmFtZSI6ImRyaXZlcjk5QGdtYWlsLmNvbSIsInN1YiI6IjUzNGUyMDliLWE1YmEtNDk0ZC1hNGNjLTgzZmNjMjViMTllMiIsInJvbGUiOiJkcml2ZXIiLCJpYXQiOjE3NjQxMjkxMjQsImV4cCI6MTc2NDEzMjcyNH0.uxK3hEU3rnSDuV10fxMG9pgdvYlucVD5rBuFpb0Tl6s,534e209b-a5ba-494d-a4cc-83fcc25b19e2,MOTORBIKE
driver100@gmail.com,123456,eyJhbGciOiJIUzI1NiIsInR5cCI6IkpXVCJ9.eyJ1c2VybmFtZSI6ImRyaXZlcjEwMEBnbWFpbC5jb20iLCJzdWIiOiJmZWI2NmIzZC03MWQyLTQ4NzUtYWM3NS1jMTUxZWE3ZjFhYTMiLCJyb2xlIjoiZHJpdmVyIiwiaWF0IjoxNzY0MTI5MTI0LCJleHAiOjE3NjQxMzI3MjR9.IIXA5TMy8KOkzeu1B_qnY6QVp0w28R9Do67U3cMhjV4,feb66b3d-71d2-4875-ac75-c151ea7f1aa3,MOTORBIKE