driver1@gmail.com,123456
driver2@gmail.com,123456
driver3@gmail.com,123456
driver4@gmail.com,123456
driver5@gmail.com,123456
driver6@gmail.com,123456
driver7@gmail.com,123456
driver8@gmail.com,123456
driver9@gmail.com,123456
driver10@gmail.com,123456
driver11@gmail.com,123456
driver12@gmail.com,123456
driver13@gmail.com,123456
driver14@gmail.com,123456
driver15@gmail.com,123456
driver16@gmail.com,123456
driver17@gmail.com,123456
driver18@gmail.com,123456
driver19@gmail.com,123456
driver20@gmail.com,123456
driver21@gmail.com,123456
driver22@gmail.com,123456
driver23@gmail.com,123456
driver24@gmail.com,123456
driver25@gmail.com,123456
driver26@gmail.com,123456
driver27@gmail.com,123456
driver28@gmail.com,123456
driver29@gmail.com,123456
driver30@gmail.com,123456
driver31@gmail.com,123456
driver32@gmail.com,123456
driver33@gmail.com,123456
driver34@gmail.com,123456
driver35@gmail.com,123456
driver36@gmail.com,123456
driver37@gmail.com,123456
driver38@gmail.com,123456
driver39@gmail.com,123456
driver40@gmail.com,123456
driver41@gmail.com,123456
driver42@gmail.com,123456
driver43@gmail.com,123456
driver44@gmail.com,123456
driver45@gmail.com,123456
driver46@gmail.com,123456
driver47@gmail.com,123456
driver48@gmail.com,123456
driver49@gmail.com,123456
driver50@gmail.com,123456
driver51@gmail.com,123456
driver52@gmail.com,123456
driver53@gmail.com,123456
driver54@gmail.com,123456
driver55@gmail.com,123456
driver56@gmail.com,123456
driver57@gmail.com,123456
driver58@gmail.com,123456
driver59@gmail.com,123456
driver60@gmail.com,123456
driver61@gmail.com,123456
driver62@gmail.com,123456
driver63@gmail.com,123456
driver64@gmail.com,123456
driver65@gmail.com,123456
driver66@gmail.com,123456
driver67@gmail.com,123456
driver68@gmail.com,123456
driver69@gmail.com,123456
driver70@gmail.com,123456
driver71@gmail.com,123456
driver72@gmail.com,123456
driver73@gmail.com,123456
driver74@gmail.com,123456
driver75@gmail.com,123456
driver76@gmail.com,123456
driver77@gmail.com,123456
driver78@gmail.com,123456
driver79@gmail.com,123456
driver80@gmail.com,123456
driver81@gmail.com,123456
driver82@gmail.com,123456
driver83@gmail.com,123456
driver84@gmail.com,123456
driver85@gmail.com,123456
driver86@gmail.com,123456
driver87@gmail.com,123456
driver88@gmail.com,123456
driver89@gmail.com,123456
driver90@gmail.com,123456
driver91@gmail.com,123456
driver92@gmail.com,123456
driver93@gmail.com,123456
driver94@gmail.com,123456
driver95@gmail.com,123456
driver96@gmail.com,123456
driver97@gmail.com,123456
driver98@gmail.com,123456
driver99@gmail.com,123456
driver100@gmail.com,123456
driver101@gmail.com,123456
driver102@gmail.com,123456
driver103@gmail.com,123456
driver104@gmail.com,123456
driver105@gmail.com,123456
driver106@gmail.com,123456
driver107@gmail.com,123456
driver108@gmail.com,123456
driver109@gmail.com,123456
driver110@gmail.com,123456
driver111@gmail.com,123456
driver112@gmail.com,123456
driver113@gmail.com,123456
driver114@gmail.com,123456
driver115@gmail.com,123456
driver116@gmail.com,123456
driver117@gmail.com,123456
driver118@gmail.com,123456
driver119@gmail.com,123456
driver120@gmail.com,123456
driver121@gmail.com,123456
driver122@gmail.com,123456
driver123@gmail.com,123456
driver124@gmail.com,123456
driver125@gmail.com,123456
driver126@gmail.com,123456
driver127@gmail.com,123456
driver128@gmail.com,123456
driver129@gmail.com,123456
driver130@gmail.com,123456
driver131@gmail.com,123456
driver132@gmail.com,123456
driver133@gmail.com,123456
driver134@gmail.com,123456
driver135@gmail.com,123456
driver136@gmail.com,123456
driver137@gmail.com,123456
driver138@gmail.com,123456
driver139@gmail.com,123456
driver140@gmail.com,123456
driver141@gmail.com,123456
driver142@gmail.com,123456
driver143@gmail.com,123456
driver144@gmail.com,123456
driver145@gmail.com,123456
driver146@gmail.com,123456
driver147@gmail.com,123456
driver148@gmail.com,123456
driver149@gmail.com,123456
driver150@gmail.com,123456
